repetition,group,source_idle,sink_idle,rt_priority,samples,warmup,interval_ns,measurement_ns,frames_per_second,source_tid,source_cpu,source_policy,source_priority,sink_tid,sink_cpu,sink_policy,sink_priority,latency_csv,raw_perf_stat,trigger_to_source_ns_mean,trigger_to_source_ns_p50,trigger_to_source_ns_p90,trigger_to_source_ns_p99,trigger_to_source_ns_p99_9,trigger_to_source_ns_max,source_to_sink_ns_mean,source_to_sink_ns_p50,source_to_sink_ns_p90,source_to_sink_ns_p99,source_to_sink_ns_p99_9,source_to_sink_ns_max,trigger_to_sink_ns_mean,trigger_to_sink_ns_p50,trigger_to_sink_ns_p90,trigger_to_sink_ns_p99,trigger_to_sink_ns_p99_9,trigger_to_sink_ns_max,minimum_counter_coverage_percent,cycles_per_frame,instructions_per_frame,ipc,l1_dtlb_misses_per_frame,l2_dtlb_misses_per_frame,l2_dtlb_miss_rate,l1d_loads_per_frame,l1d_misses_per_frame,l1d_miss_rate,page_faults,minor_faults,major_faults,context_switches,cpu_migrations,branches_per_frame,branch_miss_rate,l2_requests_per_frame,l2_misses_per_frame,l2_miss_rate
1,dtlb,eventfd,eventfd,88,5000,1000,100000,499995193,10000.0961409243,1771825,12,1,88,1771826,14,1,88,latency-eventfd-eventfd-rt88-dtlb-rep1.csv,stat-eventfd-eventfd-rt88-dtlb-rep1.csv,5847.3492,5730,6251,10630,19015,50425,7029.2592,5681,10319,14057,20599,28152,12876.6084,11391,16211,22693,31869,75332,100.0,7469.8146,3757.2848,0.5029957236154161,84.681,7.3502,0.08679869156009022,,,,,,,,,,,,,
1,l1d,busy-spin,busy-spin,88,5000,1000,100000,499989022,10000.219564820765,1771843,12,1,88,1771844,14,1,88,latency-busy-spin-busy-spin-rt88-l1d-rep1.csv,stat-busy-spin-busy-spin-rt88-l1d-rep1.csv,352.68,350,441,872,2034,3496,383.7368,371,421,691,2165,2515,736.4168,711,822,1493,3927,5250,100.0,870103.597,1632070.6454,1.8757199154527804,,,,507623.6778,62.8622,0.00012383622504064367,,,,,,,,,,
1,l1d,eventfd,busy-spin,88,5000,1000,100000,499947274,10001.05463121297,1771870,12,1,88,1771871,14,1,88,latency-eventfd-busy-spin-rt88-l1d-rep1.csv,stat-eventfd-busy-spin-rt88-l1d-rep1.csv,6104.9372,5941,6281,9298,19687,55133,439.1236,430,481,902,1703,3567,6544.0608,6382,6693,10129,20819,58700,100.0,438825.6344,795717.5498,1.8132886673495572,,,,249573.5358,156.5678,0.0006273413545155215,,,,,,,,,,
1,dtlb,eventfd,busy-spin,88,5000,1000,100000,500373644,9992.532700223515,1771905,12,1,88,1771906,14,1,88,latency-eventfd-busy-spin-rt88-dtlb-rep1.csv,stat-eventfd-busy-spin-rt88-dtlb-rep1.csv,6091.856,5841,6351,9588,12664,51667,429.8404,421,461,691,1472,6232,6521.6964,6272,6773,10129,13405,52098,100.0,441984.5908,826569.4942,1.870131926327781,58.8384,1.2274,0.020860526458911188,,,,,,,,,,,,,
1,faults,busy-spin,busy-spin,88,5000,1000,100000,499913450,10001.731299687975,1771933,12,1,88,1771934,14,1,88,latency-busy-spin-busy-spin-rt88-faults-rep1.csv,stat-busy-spin-busy-spin-rt88-faults-rep1.csv,372.6696,371,441,862,1523,3176,391.7078,371,451,741,1633,4228,764.3774,741,842,1543,2835,6533,100.0,,,,,,,,,,0.0,0.0,0.0,2.0,0.0,,,,,
1,l1d,eventfd,eventfd,88,5000,1000,100000,500172436,9996.552468956927,1771967,12,1,88,1771968,14,1,88,latency-eventfd-eventfd-rt88-l1d-rep1.csv,stat-eventfd-eventfd-rt88-l1d-rep1.csv,5847.1434,5760,6272,8225,12484,38402,8657.8272,10119,10399,13565,20278,24987,14504.9706,15640,16561,20889,27251,59472,100.0,7766.9984,3757.23,0.4837428574724568,,,,1800.6456,183.4182,0.10186246532910197,,,,,,,,,,
1,core,eventfd,eventfd,88,5000,1000,100000,500095491,9998.090544671597,1771980,12,1,88,1771981,14,1,88,latency-eventfd-eventfd-rt88-core-rep1.csv,stat-eventfd-eventfd-rt88-core-rep1.csv,5850.8876,5711,6252,10089,15830,54282,8546.5476,10079,10359,13706,23334,55494,14397.4352,15509,16561,22162,37861,109776,100.0,7681.623,3757.2782,0.4891255663028503,,,,,,,,,,,,803.0498,0.09069449989278373,,,
1,l2,busy-spin,busy-spin,88,5000,1000,100000,499905465,10001.891057542249,1772013,12,1,88,1772014,14,1,88,latency-busy-spin-busy-spin-rt88-l2-rep1.csv,stat-busy-spin-busy-spin-rt88-l2-rep1.csv,363.9128,331,391,851,3417,14287,373.6192,361,411,661,2064,3276,737.532,701,782,1703,3897,14657,100.0,872095.7752,1643006.271,1.8839745790801532,,,,,,,,,,,,,,6677.4596,39.8746,0.0059715224634230655
1,l2,busy-spin,eventfd,88,5000,1000,100000,499941513,10001.169876845173,1772028,12,1,88,1772029,14,1,88,latency-busy-spin-eventfd-rt88-l2-rep1.csv,stat-busy-spin-eventfd-rt88-l2-rep1.csv,309.2976,280,391,771,1483,4628,8012.6924,6302,10380,11983,15469,30487,8321.99,6582,10740,12444,15699,35115,100.0,439394.5546,824248.1422,1.8758724557939708,,,,,,,,,,,,,,318.3692,41.9126,0.13164778502443075
1,l1d,busy-spin,eventfd,88,5000,1000,100000,499872163,10002.557393859117,1772044,12,1,88,1772045,14,1,88,latency-busy-spin-eventfd-rt88-l1d-rep1.csv,stat-busy-spin-eventfd-rt88-l1d-rep1.csv,272.4634,251,371,521,1583,12864,8979.352,10299,10570,15008,20739,33343,9251.8154,10590,10820,15309,21180,34926,100.0,438460.593,801353.2038,1.8276515987834738,,,,250958.2194,109.4222,0.00043601759791574293,,,,,,,,,,
1,faults,busy-spin,eventfd,88,5000,1000,100000,500107725,9997.845964087037,1772071,12,1,88,1772072,14,1,88,latency-busy-spin-eventfd-rt88-faults-rep1.csv,stat-busy-spin-eventfd-rt88-faults-rep1.csv,364.4308,340,441,892,3426,6843,7486.5862,7444,7544,11010,16571,24606,7851.017,7785,7944,11832,17353,24906,100.0,,,,,,,,,,0.0,0.0,0.0,5000.0,0.0,,,,,
1,dtlb,busy-spin,eventfd,88,5000,1000,100000,500142360,9997.15361042404,1772089,12,1,88,1772090,14,1,88,latency-busy-spin-eventfd-rt88-dtlb-rep1.csv,stat-busy-spin-eventfd-rt88-dtlb-rep1.csv,353.5748,301,401,821,2886,99085,8795.6456,10290,10420,11983,19076,54903,9149.2204,10590,10791,12614,21401,104996,100.0,438899.0882,823085.8094,1.8753418075567558,52.4222,2.4904,0.04750659071919912,,,,,,,,,,,,,
1,core,busy-spin,busy-spin,88,5000,1000,100000,500010562,9999.788764462139,1772117,12,1,88,1772118,14,1,88,latency-busy-spin-busy-spin-rt88-core-rep1.csv,stat-busy-spin-busy-spin-rt88-core-rep1.csv,357.8726,331,411,831,1743,33834,384.0558,380,421,631,2205,3126,741.9284,711,802,1312,3747,34335,100.0,867893.242,1633649.847,1.8823165891179967,,,,,,,,,,,,450694.5534,3.665986170757217e-05,,,
1,l2,eventfd,eventfd,88,5000,1000,100000,507211467,9857.821294091524,1772136,12,1,88,1772137,14,1,88,latency-eventfd-eventfd-rt88-l2-rep1.csv,stat-eventfd-eventfd-rt88-l2-rep1.csv,5874.6562,5731,6291,9588,15699,49303,8640.0802,10089,10350,11982,18975,26259,14514.7364,15620,16511,21129,26810,75562,100.0,7661.8242,3757.48,0.49041584639856395,,,,,,,,,,,,,,864.8536,39.0212,0.0451188501730235
1,faults,eventfd,eventfd,88,5000,1000,100000,500057431,9998.851511917637,1772149,12,1,88,1772150,14,1,88,latency-eventfd-eventfd-rt88-faults-rep1.csv,stat-eventfd-eventfd-rt88-faults-rep1.csv,5593.8566,4598,7845,12022,19566,26660,6315.0678,6622,8095,10229,16110,26239,11908.9244,11872,15640,20428,29816,47358,100.0,,,,,,,,,,0.0,0.0,0.0,15000.0,0.0,,,,,
1,l2,eventfd,busy-spin,88,5000,1000,100000,500051259,9998.974925088629,1772179,12,1,88,1772180,14,1,88,latency-eventfd-busy-spin-rt88-l2-rep1.csv,stat-eventfd-busy-spin-rt88-l2-rep1.csv,6272.384,6262,6382,8817,11141,25508,408.1412,391,441,772,1703,4057,6680.5252,6652,6792,9728,11993,29565,100.0,441458.3216,827277.5162,1.8739651643707966,,,,,,,,,,,,,,652.8812,41.9652,0.06427693123955783
1,core,busy-spin,eventfd,88,5000,1000,100000,500303221,9993.939255490022,1772194,12,1,88,1772195,14,1,88,latency-busy-spin-eventfd-rt88-core-rep1.csv,stat-busy-spin-eventfd-rt88-core-rep1.csv,296.2058,271,371,751,1834,3676,8434.7488,10239,10390,12263,19867,41277,8730.9546,10499,10730,12925,20137,41818,100.0,439670.7846,821279.6264,1.8679422312473568,,,,,,,,,,,,226468.0542,0.00017143256755194924,,,
1,core,eventfd,busy-spin,88,5000,1000,100000,500063562,9998.728921584572,1772222,12,1,88,1772223,14,1,88,latency-eventfd-busy-spin-rt88-core-rep1.csv,stat-eventfd-busy-spin-rt88-core-rep1.csv,6141.0648,5902,6382,9127,15499,34234,406.0458,391,451,672,1522,4729,6547.1106,6321,6783,9718,16360,38963,100.0,438260.5212,812911.093,1.8548581350064803,,,,,,,,,,,,224142.3332,0.0002313797632940853,,,
1,faults,eventfd,busy-spin,88,5000,1000,100000,499907559,10001.849161876746,1772240,12,1,88,1772241,14,1,88,latency-eventfd-busy-spin-rt88-faults-rep1.csv,stat-eventfd-busy-spin-rt88-faults-rep1.csv,6306.3504,7494,8015,9267,14928,22132,520.1028,541,651,772,1784,3676,6826.4532,8075,8616,9948,16020,25808,100.0,,,,,,,,,,0.0,0.0,0.0,9959.0,0.0,,,,,
1,dtlb,busy-spin,busy-spin,88,5000,1000,100000,499835033,10003.300428923716,1772252,12,1,88,1772253,14,1,88,latency-busy-spin-busy-spin-rt88-dtlb-rep1.csv,stat-busy-spin-busy-spin-rt88-dtlb-rep1.csv,324.3234,320,381,791,1623,2254,412.4018,411,471,741,2034,3096,736.7252,711,812,1543,3216,4789,100.0,865031.2362,1619654.2352,1.8723650284757196,21.2034,0.5346,0.025212937547751776,,,,,,,,,,,,,
2,core,busy-spin,busy-spin,88,5000,1000,100000,499922217,10001.555902045458,1772285,12,1,88,1772286,14,1,88,latency-busy-spin-busy-spin-rt88-core-rep2.csv,stat-busy-spin-busy-spin-rt88-core-rep2.csv,357.6916,331,411,802,1543,4388,370.6902,370,401,621,1893,3917,728.3818,702,791,1553,2836,7303,100.0,869171.5232,1638028.4738,1.8845859880099671,,,,,,,,,,,,451902.8228,3.830071229198792e-05,,,
2,faults,eventfd,busy-spin,88,5000,1000,100000,499894414,10002.112166030325,1772297,12,1,88,1772298,14,1,88,latency-eventfd-busy-spin-rt88-faults-rep2.csv,stat-eventfd-busy-spin-rt88-faults-rep2.csv,6320.2752,6472,7975,9949,15369,27452,580.7734,571,761,1152,1884,4278,6901.0486,7334,8597,10791,16931,30958,100.0,,,,,,,,,,0.0,0.0,0.0,9898.0,0.0,,,,,
2,l2,eventfd,busy-spin,88,5000,1000,100000,499894565,10002.109144755355,1772330,12,1,88,1772331,14,1,88,latency-eventfd-busy-spin-rt88-l2-rep2.csv,stat-eventfd-busy-spin-rt88-l2-rep2.csv,6057.2638,5841,6292,9938,15759,34084,401.0962,391,441,601,1102,3376,6458.36,6242,6693,10520,16330,37460,100.0,440188.2704,824426.896,1.872896102503689,,,,,,,,,,,,,,608.5552,41.6906,0.06850750761804353
2,l1d,eventfd,busy-spin,88,5000,1000,100000,500009891,9999.802183913198,1772343,12,1,88,1772344,14,1,88,latency-eventfd-busy-spin-rt88-l1d-rep2.csv,stat-eventfd-busy-spin-rt88-l1d-rep2.csv,6157.6628,5911,6392,10369,18705,55294,440.9852,421,491,881,2154,5540,6598.648,6362,6853,10970,20088,59351,100.0,438014.892,800795.089,1.8282371298919216,,,,249947.5538,152.726,0.0006110321852647794,,,,,,,,,,
2,l2,busy-spin,busy-spin,88,5000,1000,100000,499941934,10001.161454882078,1772361,12,1,88,1772362,14,1,88,latency-busy-spin-busy-spin-rt88-l2-rep2.csv,stat-busy-spin-busy-spin-rt88-l2-rep2.csv,333.9162,321,390,731,1463,2565,368.0324,361,401,521,1513,2645,701.9486,682,762,1163,2444,5210,100.0,869063.3986,1637374.0304,1.8840674144575578,,,,,,,,,,,,,,86.1874,39.1308,0.4540199611544147
2,faults,busy-spin,busy-spin,88,5000,1000,100000,500106853,9997.863396604966,1772390,12,1,88,1772391,14,1,88,latency-busy-spin-busy-spin-rt88-faults-rep2.csv,stat-busy-spin-busy-spin-rt88-faults-rep2.csv,389.133,381,431,941,1984,2244,383.6908,371,411,861,2134,3617,772.8238,742,822,1964,3467,5861,100.0,,,,,,,,,,0.0,0.0,0.0,0.0,0.0,,,,,
2,core,eventfd,busy-spin,88,5000,1000,100000,499896228,10002.075870834537,1772408,12,1,88,1772409,14,1,88,latency-eventfd-busy-spin-rt88-core-rep2.csv,stat-eventfd-busy-spin-rt88-core-rep2.csv,6088.1438,5981,6292,9498,12664,50986,437.715,430,481,701,1523,4067,6525.8588,6412,6732,10309,13385,55053,100.0,439436.8178,822706.2624,1.8721832788586155,,,,,,,,,,,,226845.671,0.0002266510080326814,,,
2,core,busy-spin,eventfd,88,5000,1000,100000,500222280,9995.556375457727,1772419,12,1,88,1772420,14,1,88,latency-busy-spin-eventfd-rt88-core-rep2.csv,stat-busy-spin-eventfd-rt88-core-rep2.csv,318.2772,300,421,721,1753,3216,8603.9702,10299,10420,12474,17984,32281,8922.2474,10580,10790,13205,19125,34254,100.0,437656.6488,817198.892,1.8672146173048154,,,,,,,,,,,,225341.847,0.00017264081446887226,,,
2,faults,busy-spin,eventfd,88,5000,1000,100000,499925303,10001.49416321902,1772455,12,1,88,1772456,14,1,88,latency-busy-spin-eventfd-rt88-faults-rep2.csv,stat-busy-spin-eventfd-rt88-faults-rep2.csv,333.4598,311,421,681,1383,12523,7424.1876,7454,7724,10049,14798,25027,7757.6474,7784,8095,10710,15870,27401,100.0,,,,,,,,,,0.0,0.0,0.0,5000.0,0.0,,,,,
2,dtlb,busy-spin,eventfd,88,5000,1000,100000,499970718,10000.58567429943,1772479,12,1,88,1772480,14,1,88,latency-busy-spin-eventfd-rt88-dtlb-rep2.csv,stat-busy-spin-eventfd-rt88-dtlb-rep2.csv,312.088,290,421,661,1452,3286,8839.193,10349,10510,12894,17803,27061,9151.281,10610,10871,13495,18264,30347,100.0,436504.6922,816491.548,1.8705218124571628,53.9242,1.569,0.029096398277582237,,,,,,,,,,,,,
2,dtlb,eventfd,eventfd,88,5000,1000,100000,506743389,9866.926946727272,1772535,12,1,88,1772536,14,1,88,latency-eventfd-eventfd-rt88-dtlb-rep2.csv,stat-eventfd-eventfd-rt88-dtlb-rep2.csv,5893.5498,5771,6513,9638,14367,51626,7652.8434,6011,10379,12283,16350,55314,13546.3932,11962,16410,20588,26009,106940,100.0,7741.0938,3757.4868,0.4853948159108988,88.3136,9.2976,0.10527936807015001,,,,,,,,,,,,,
2,dtlb,busy-spin,busy-spin,88,5000,1000,100000,499905275,10001.894858981033,1772577,12,1,88,1772578,14,1,88,latency-busy-spin-busy-spin-rt88-dtlb-rep2.csv,stat-busy-spin-busy-spin-rt88-dtlb-rep2.csv,234.1532,190,360,521,1272,1743,409.7142,400,461,781,1753,2775,643.8674,621,741,1302,2434,4518,100.0,861314.6942,1602305.9402,1.8603025711621488,42.6346,0.1968,0.004615969189343866,,,,,,,,,,,,,
2,l1d,busy-spin,eventfd,88,5000,1000,100000,500289105,9994.221241336047,1772596,12,1,88,1772597,14,1,88,latency-busy-spin-eventfd-rt88-l1d-rep2.csv,stat-busy-spin-eventfd-rt88-l1d-rep2.csv,342.5068,310,451,832,1743,2595,8729.275,10330,10459,12463,16220,27712,9071.7818,10640,10840,13054,18004,29476,100.0,437392.6564,817775.0456,1.8696588377380905,,,,254497.8662,70.2788,0.0002761469125433477,,,,,,,,,,
2,l2,busy-spin,eventfd,88,5000,1000,100000,500053022,9998.939672441376,1772643,12,1,88,1772644,14,1,88,latency-busy-spin-eventfd-rt88-l2-rep2.csv,stat-busy-spin-eventfd-rt88-l2-rep2.csv,299.136,261,390,642,1763,21601,8263.1912,7724,10400,12464,20067,49743,8562.3272,8185,10750,12894,20338,51636,100.0,437700.6538,819445.4968,1.8721596362395017,,,,,,,,,,,,,,328.9886,43.5652,0.13242160974574804
2,l2,eventfd,eventfd,88,5000,1000,100000,500160554,9996.789950772487,1772656,12,1,88,1772657,14,1,88,latency-eventfd-eventfd-rt88-l2-rep2.csv,stat-eventfd-eventfd-rt88-l2-rep2.csv,5898.47,5741,6241,9368,16541,41047,7787.6784,5981,10339,14878,22472,28323,13686.1484,11933,16491,22052,31970,62587,100.0,7572.8926,3757.2562,0.49614544909827457,,,,,,,,,,,,,,884.1678,59.4336,0.06721981958628215
2,core,eventfd,eventfd,88,5000,1000,100000,500270230,9994.598319392302,1772710,12,1,88,1772711,14,1,88,latency-eventfd-eventfd-rt88-core-rep2.csv,stat-eventfd-eventfd-rt88-core-rep2.csv,5855.7638,5750,6282,9007,12182,53690,8653.7806,10139,10429,12363,16851,54583,14509.5444,15659,16551,20609,26439,108273,100.0,7589.8006,3757.5192,0.49507482449538925,,,,,,,,,,,,803.0988,0.09141789279226914,,,
2,dtlb,eventfd,busy-spin,88,5000,1000,100000,500011835,9999.763305602557,1772722,12,1,88,1772723,14,1,88,latency-eventfd-busy-spin-rt88-dtlb-rep2.csv,stat-eventfd-busy-spin-rt88-dtlb-rep2.csv,6157.6286,5941,6392,9137,16041,54071,414.261,401,451,781,1443,3677,6571.8896,6372,6803,9758,16912,57748,100.0,438427.058,820504.904,1.8714741461052797,58.7884,1.2374,0.021048370086615725,,,,,,,,,,,,,
2,l1d,busy-spin,busy-spin,88,5000,1000,100000,499821829,10003.564690248853,1772740,12,1,88,1772741,14,1,88,latency-busy-spin-busy-spin-rt88-l1d-rep2.csv,stat-busy-spin-busy-spin-rt88-l1d-rep2.csv,349.6784,330,401,691,1914,3427,382.2578,371,411,852,1793,4729,731.9362,702,791,1803,3286,6482,100.0,868551.8778,1635140.139,1.8826050358002,,,,508174.0954,46.9718,9.24324959205703e-05,,,,,,,,,,
2,l1d,eventfd,eventfd,88,5000,1000,100000,500159552,9996.809977948797,1772767,12,1,88,1772768,14,1,88,latency-eventfd-eventfd-rt88-l1d-rep2.csv,stat-eventfd-eventfd-rt88-l1d-rep2.csv,6038.7202,5831,6712,10189,13425,32782,8556.8928,10139,10509,12904,20559,31729,14595.613,15640,16771,21531,28895,64511,100.0,7615.658,3757.2044,0.4933525638887671,,,,1771.5756,190.1792,0.107350315730246,,,,,,,,,,
2,faults,eventfd,eventfd,88,5000,1000,100000,500026763,9999.464768648793,1772785,12,1,88,1772786,14,1,88,latency-eventfd-eventfd-rt88-faults-rep2.csv,stat-eventfd-eventfd-rt88-faults-rep2.csv,5503.064,4518,7874,8947,13475,25488,7097.7922,7454,8015,12213,17283,19757,12600.8562,11892,15850,20188,25197,45245,100.0,,,,,,,,,,0.0,0.0,0.0,15000.0,0.0,,,,,
3,core,eventfd,busy-spin,88,5000,1000,100000,500025951,9999.481006936778,1772813,12,1,88,1772814,14,1,88,latency-eventfd-busy-spin-rt88-core-rep3.csv,stat-eventfd-busy-spin-rt88-core-rep3.csv,6074.6602,5861,6342,9117,14608,28223,436.2374,421,501,701,1272,3957,6510.8976,6302,6783,9718,15539,32180,100.0,439991.088,823038.5612,1.8705800722945551,,,,,,,,,,,,226937.4594,0.00023243936959311883,,,
3,faults,eventfd,busy-spin,88,5000,1000,100000,499948606,10001.02798566459,1772831,12,1,88,1772832,14,1,88,latency-eventfd-busy-spin-rt88-faults-rep3.csv,stat-eventfd-busy-spin-rt88-faults-rep3.csv,6323.6638,7534,8015,8997,12052,22112,572.0932,571,741,871,1884,3907,6895.757,8146,8676,9968,13666,26019,100.0,,,,,,,,,,0.0,0.0,0.0,9986.0,0.0,,,,,
3,l1d,eventfd,busy-spin,88,5000,1000,100000,499966039,10000.679266137115,1772843,12,1,88,1772844,14,1,88,latency-eventfd-busy-spin-rt88-l1d-rep3.csv,stat-eventfd-busy-spin-rt88-l1d-rep3.csv,6094.129,5861,6362,9548,13676,33293,432.5162,420,471,781,2034,3286,6526.6452,6292,6792,10409,14297,36579,100.0,438826.3454,821076.6128,1.8710741080314364,,,,254083.499,122.8642,0.0004835583596871043,,,,,,,,,,
3,dtlb,eventfd,busy-spin,88,5000,1000,100000,499911136,10001.77759592857,1772876,12,1,88,1772877,14,1,88,latency-eventfd-busy-spin-rt88-dtlb-rep3.csv,stat-eventfd-busy-spin-rt88-dtlb-rep3.csv,6095.5628,5861,6372,8556,13755,54933,427.6606,421,461,561,1663,3907,6523.2234,6292,6792,9358,14276,58840,100.0,439341.6926,822963.0394,1.8731730979815504,56.9938,1.6002,0.02807673817152041,,,,,,,,,,,,,
3,faults,eventfd,eventfd,88,5000,1000,100000,500018658,9999.62685392432,1772888,12,1,88,1772889,14,1,88,latency-eventfd-eventfd-rt88-faults-rep3.csv,stat-eventfd-eventfd-rt88-faults-rep3.csv,5548.495,4719,7734,9789,15519,26750,7387.4904,7514,8086,9828,14578,27482,12935.9854,11993,15559,19096,28253,50114,100.0,,,,,,,,,,0.0,0.0,0.0,15000.0,0.0,,,,,
3,core,busy-spin,eventfd,88,5000,1000,100000,499922487,10001.55050036787,1772921,12,1,88,1772922,14,1,88,latency-busy-spin-eventfd-rt88-core-rep3.csv,stat-busy-spin-eventfd-rt88-core-rep3.csv,306.0382,271,390,682,2394,5360,8873.6698,10289,10389,14296,19146,36027,9179.708,10559,10741,14637,20648,39744,100.0,438334.0632,821501.7034,1.8741452521456698,,,,,,,,,,,,226529.4308,0.0001697978044802468,,,
3,faults,busy-spin,busy-spin,88,5000,1000,100000,504590492,9909.025396380239,1772932,12,1,88,1772933,14,1,88,latency-busy-spin-busy-spin-rt88-faults-rep3.csv,stat-busy-spin-busy-spin-rt88-faults-rep3.csv,391.171,391,441,862,1894,32691,379.8826,371,430,611,1422,2294,771.0536,751,832,1363,3547,33112,100.0,,,,,,,,,,0.0,0.0,0.0,0.0,0.0,,,,,
3,l1d,eventfd,eventfd,88,5000,1000,100000,500316536,9993.67328526595,1772954,12,1,88,1772955,14,1,88,latency-eventfd-eventfd-rt88-l1d-rep3.csv,stat-eventfd-eventfd-rt88-l1d-rep3.csv,5865.3436,5701,6272,10330,18554,114605,6720.3438,5751,10330,11792,18595,24937,12585.6874,11301,16080,22001,28403,122139,100.0,7497.8836,3757.4556,0.5011354937545309,,,,1823.9726,193.0074,0.10581705010261667,,,,,,,,,,
3,l1d,busy-spin,busy-spin,88,5000,1000,100000,500091524,9998.169855004382,1772975,12,1,88,1772976,14,1,88,latency-busy-spin-busy-spin-rt88-l1d-rep3.csv,stat-busy-spin-busy-spin-rt88-l1d-rep3.csv,302.1676,281,370,771,1623,15709,409.54,400,471,652,1543,11752,711.7076,682,781,1242,2565,16100,100.0,861341.165,1599431.9162,1.8569087153752835,,,,499399.0792,70.1672,0.00014050326266600773,,,,,,,,,,
3,core,eventfd,eventfd,88,5000,1000,100000,499908070,10001.838938107161,1772996,12,1,88,1772997,14,1,88,latency-eventfd-eventfd-rt88-core-rep3.csv,stat-eventfd-eventfd-rt88-core-rep3.csv,5976.4594,5651,6372,9528,14567,37771,8617.206,10068,10390,12613,16421,25147,14593.6654,15640,16661,20919,27321,62918,100.0,7230.914,3757.2316,0.5196067329800907,,,,,,,,,,,,803.0406,0.09288496745992668,,,
3,core,busy-spin,busy-spin,88,5000,1000,100000,499948436,10001.031386364813,1773020,12,1,88,1773021,14,1,88,latency-busy-spin-busy-spin-rt88-core-rep3.csv,stat-busy-spin-busy-spin-rt88-core-rep3.csv,331.5198,311,381,802,1993,25678,378.6286,371,411,652,1653,3467,710.1484,681,771,1402,3046,26139,100.0,864110.3676,1623065.2474,1.8783078044855992,,,,,,,,,,,,447773.1902,3.4818520494798484e-05,,,
3,dtlb,busy-spin,busy-spin,88,5000,1000,100000,500548641,9989.039207080776,1773039,12,1,88,1773040,14,1,88,latency-busy-spin-busy-spin-rt88-dtlb-rep3.csv,stat-busy-spin-busy-spin-rt88-dtlb-rep3.csv,348.015,330,410,781,1513,2054,374.8962,370,411,572,1673,3967,722.9112,701,792,1222,2715,6021,100.0,865349.5584,1620456.7128,1.8726036167351443,17.5642,0.3758,0.021395793716764783,,,,,,,,,,,,,
3,l2,eventfd,busy-spin,88,5000,1000,100000,500174941,9996.502403745973,1773052,12,1,88,1773053,14,1,88,latency-eventfd-busy-spin-rt88-l2-rep3.csv,stat-eventfd-busy-spin-rt88-l2-rep3.csv,6175.0712,5952,6412,9839,19096,25528,460.6092,430,491,1122,5169,7424,6635.6804,6412,6853,11021,19737,30276,100.0,436506.9618,809307.058,1.8540530365488435,,,,,,,,,,,,,,656.847,50.2196,0.07645555205397908
3,dtlb,eventfd,eventfd,88,5000,1000,100000,500025811,9999.483806646933,1773085,12,1,88,1773086,14,1,88,latency-eventfd-eventfd-rt88-dtlb-rep3.csv,stat-eventfd-eventfd-rt88-dtlb-rep3.csv,5836.2912,5751,6271,9288,14747,33002,8396.2152,10189,10400,12153,16741,55985,14232.5064,15520,16461,20388,29255,88987,100.0,7610.811,3757.4524,0.49369934426173506,82.2894,8.9942,0.10929961817682472,,,,,,,,,,,,,
3,faults,busy-spin,eventfd,88,5000,1000,100000,499869929,10002.602096914696,1773100,12,1,88,1773101,14,1,88,latency-busy-spin-eventfd-rt88-faults-rep3.csv,stat-busy-spin-eventfd-rt88-faults-rep3.csv,316.0776,291,401,631,1392,2405,7315.271,7484,7684,10199,18324,26920,7631.3486,7795,8026,10590,18675,27191,100.0,,,,,,,,,,0.0,0.0,0.0,5000.0,0.0,,,,,
3,dtlb,busy-spin,eventfd,88,5000,1000,100000,500100551,9997.98938433883,1773115,12,1,88,1773116,14,1,88,latency-busy-spin-eventfd-rt88-dtlb-rep3.csv,stat-busy-spin-eventfd-rt88-dtlb-rep3.csv,322.4158,291,431,702,1433,2285,8805.2076,10330,10469,12704,17032,27711,9127.6234,10620,10830,13064,17844,29996,100.0,436896.5602,816472.5494,1.868800589838107,54.976,1.8362,0.03340002910360885,,,,,,,,,,,,,
3,l2,eventfd,eventfd,88,5000,1000,100000,500080223,9998.395797387891,1773150,12,1,88,1773151,14,1,88,latency-eventfd-eventfd-rt88-l2-rep3.csv,stat-eventfd-eventfd-rt88-l2-rep3.csv,5809.8694,5741,6272,8806,13104,51837,8795.082,10250,10420,12384,18624,57528,14604.9514,15709,16601,20418,29264,109365,100.0,7700.0396,3757.2652,0.48795401000275374,,,,,,,,,,,,,,866.579,45.4378,0.05243353462292532
3,l1d,busy-spin,eventfd,88,5000,1000,100000,500113025,9997.740010870542,1773180,12,1,88,1773181,14,1,88,latency-busy-spin-eventfd-rt88-l1d-rep3.csv,stat-busy-spin-eventfd-rt88-l1d-rep3.csv,309.753,300,421,631,1322,4278,8823.3684,10339,10650,11902,18485,29716,9133.1214,10650,10911,12193,18926,30097,100.0,436846.8022,811325.1534,1.857230382170805,,,,252839.777,92.7262,0.0003667389724046466,,,,,,,,,,
3,l2,busy-spin,eventfd,88,5000,1000,100000,499898693,10002.026550607525,1773213,12,1,88,1773214,14,1,88,latency-busy-spin-eventfd-rt88-l2-rep3.csv,stat-busy-spin-eventfd-rt88-l2-rep3.csv,313.1996,271,411,591,1673,18966,8826.8162,10319,10430,11852,14297,51697,9140.0158,10590,10790,12343,15729,53250,100.0,438515.8506,822060.843,1.8746433951594086,,,,,,,,,,,,,,308.7322,36.7682,0.11909415344431193
3,l2,busy-spin,busy-spin,88,5000,1000,100000,499884526,10002.310013492995,1773225,12,1,88,1773226,14,1,88,latency-busy-spin-busy-spin-rt88-l2-rep3.csv,stat-busy-spin-busy-spin-rt88-l2-rep3.csv,345.7076,321,391,841,1954,30207,373.9856,370,401,701,1673,5750,719.6932,682,772,1573,3016,31229,100.0,865790.0998,1631546.5142,1.8844596566499108,,,,,,,,,,,,,,77.231,38.0742,0.4929911564009271
4,l1d,eventfd,eventfd,88,5000,1000,100000,500106352,9997.873412333704,1773261,12,1,88,1773262,14,1,88,latency-eventfd-eventfd-rt88-l1d-rep4.csv,stat-eventfd-eventfd-rt88-l1d-rep4.csv,5717.8592,5681,6181,9187,14878,26510,7374.4488,5831,10389,14998,23044,39835,13092.308,11461,16201,21550,31309,63920,100.0,7270.066,3757.4252,0.5168350878795324,,,,1774.6764,179.4358,0.10110902472135201,,,,,,,,,,
4,l2,eventfd,busy-spin,88,5000,1000,100000,499955960,10000.880877587699,1773288,12,1,88,1773289,14,1,88,latency-eventfd-busy-spin-rt88-l2-rep4.csv,stat-eventfd-busy-spin-rt88-l2-rep4.csv,6092.4794,5851,6372,9077,12964,36749,439.7834,421,480,731,2886,11612,6532.2628,6292,6803,9819,14186,40426,100.0,439266.6098,822558.2222,1.8725716998487874,,,,,,,,,,,,,,620.255,42.5172,0.06854793592957735
4,l1d,busy-spin,eventfd,88,5000,1000,100000,500042783,9999.14441320914,1773306,12,1,88,1773307,14,1,88,latency-busy-spin-eventfd-rt88-l1d-rep4.csv,stat-busy-spin-eventfd-rt88-l1d-rep4.csv,329.6768,301,431,612,1483,5471,8809.8736,10289,10380,11742,14437,26359,9139.5504,10580,10760,12414,14968,28163,100.0,438003.9248,820803.1458,1.8739629928539856,,,,255390.1556,76.992,0.00030146815886117107,,,,,,,,,,
4,l1d,busy-spin,busy-spin,88,5000,1000,100000,499862655,10002.747654753284,1773331,12,1,88,1773332,14,1,88,latency-busy-spin-busy-spin-rt88-l1d-rep4.csv,stat-busy-spin-busy-spin-rt88-l1d-rep4.csv,355.2546,330,401,812,1553,14677,372.1488,370,401,581,1553,4679,727.4034,692,782,1382,2505,15018,100.0,865915.3946,1629251.442,1.881536524422937,,,,506189.5234,50.0634,9.890248155222882e-05,,,,,,,,,,
4,l2,eventfd,eventfd,88,5000,1000,100000,506888952,9864.093467162409,1773369,12,1,88,1773370,14,1,88,latency-eventfd-eventfd-rt88-l2-rep4.csv,stat-eventfd-eventfd-rt88-l2-rep4.csv,5926.9244,5791,6542,9207,15389,33402,8718.0144,10199,10420,12102,14477,51206,14644.9388,15719,16671,20008,27302,84608,100.0,8053.5234,3757.43,0.46655728348662895,,,,,,,,,,,,,,897.42,47.6878,0.053138775601167795
4,core,busy-spin,busy-spin,88,5000,1000,100000,499830955,10003.382043435065,1773392,12,1,88,1773393,14,1,88,latency-busy-spin-busy-spin-rt88-core-rep4.csv,stat-busy-spin-busy-spin-rt88-core-rep4.csv,349.9162,330,411,802,1703,9297,379.5384,371,421,671,1723,3476,729.4546,701,792,1492,2785,11070,100.0,865346.265,1624774.5516,1.8776004673689786,,,,,,,,,,,,448244.9676,3.463195601083197e-05,,,
4,l1d,eventfd,busy-spin,88,5000,1000,100000,499926014,10001.479938989532,1773428,12,1,88,1773429,14,1,88,latency-eventfd-busy-spin-rt88-l1d-rep4.csv,stat-eventfd-busy-spin-rt88-l1d-rep4.csv,6120.3204,5901,6402,8435,12794,27080,427.7806,421,471,591,1884,4258,6548.101,6332,6832,9077,13686,31338,100.0,438359.5942,821235.7716,1.8734294457470324,,,,254001.717,125.7486,0.0004950698817520198,,,,,,,,,,
4,faults,busy-spin,eventfd,88,5000,1000,100000,499958345,10000.833169411344,1773437,12,1,88,1773438,14,1,88,latency-busy-spin-eventfd-rt88-faults-rep4.csv,stat-busy-spin-eventfd-rt88-faults-rep4.csv,295.29,290,410,692,1563,2295,7334.9944,7554,7815,11662,19506,24486,7630.2844,7855,8115,12043,20077,24646,100.0,,,,,,,,,,0.0,0.0,0.0,5002.0,0.0,,,,,
4,dtlb,busy-spin,busy-spin,88,5000,1000,100000,506740714,9866.979032594567,1773473,12,1,88,1773474,14,1,88,latency-busy-spin-busy-spin-rt88-dtlb-rep4.csv,stat-busy-spin-busy-spin-rt88-dtlb-rep4.csv,322.3854,320,391,722,1844,6191,405.1462,390,471,702,2235,3657,727.5316,701,802,1423,3868,6712,100.0,871745.57,1599339.0318,1.8346397008934614,28.0316,0.3916,0.013969948201315658,,,,,,,,,,,,,
4,faults,eventfd,busy-spin,88,5000,1000,100000,500112694,9997.746627883034,1773535,12,1,88,1773536,14,1,88,latency-eventfd-busy-spin-rt88-faults-rep4.csv,stat-eventfd-busy-spin-rt88-faults-rep4.csv,6321.583,7474,8056,9989,16441,23324,547.0228,551,692,992,2184,3296,6868.6058,8055,8696,10950,17473,26620,100.0,,,,,,,,,,0.0,0.0,0.0,9935.0,0.0,,,,,
4,dtlb,busy-spin,eventfd,88,5000,1000,100000,499955951,10000.881057619414,1773553,12,1,88,1773554,14,1,88,latency-busy-spin-eventfd-rt88-dtlb-rep4.csv,stat-busy-spin-eventfd-rt88-dtlb-rep4.csv,319.5834,290,420,791,1824,21941,8551.7478,10319,10439,12844,24987,49623,8871.3312,10580,10790,13475,29626,51526,100.0,436800.9546,817696.6308,1.8720120049847528,53.0336,0.9686,0.018263893079104566,,,,,,,,,,,,,
4,l2,busy-spin,busy-spin,88,5000,1000,100000,499857385,10002.853113793648,1773580,12,1,88,1773581,14,1,88,latency-busy-spin-busy-spin-rt88-l2-rep4.csv,stat-busy-spin-busy-spin-rt88-l2-rep4.csv,323.1718,320,400,822,1793,2665,402.8712,381,471,832,1983,2615,726.043,692,811,1583,3566,4478,100.0,863470.249,1596483.6786,1.8489156753795695,,,,,,,,,,,,,,157.6246,53.3846,0.33868190625067407
4,dtlb,eventfd,eventfd,88,5000,1000,100000,499918480,10001.630665863762,1773598,12,1,88,1773599,14,1,88,latency-eventfd-eventfd-rt88-dtlb-rep4.csv,stat-eventfd-eventfd-rt88-dtlb-rep4.csv,5847.9654,5771,6341,9157,15519,23804,7995.491,6122,10380,12253,16511,34786,13843.4564,12423,16391,20729,28884,53390,100.0,7975.5962,3758.1444,0.4712054504464506,85.6222,11.1232,0.1299102335609223,,,,,,,,,,,,,
4,faults,eventfd,eventfd,88,5000,1000,100000,499959337,10000.813326144562,1773625,12,1,88,1773626,14,1,88,latency-eventfd-eventfd-rt88-faults-rep4.csv,stat-eventfd-eventfd-rt88-faults-rep4.csv,5587.2462,4679,7865,9158,13535,18846,7256.576,7524,8116,10139,14488,21831,12843.8222,12123,15799,18294,23605,40396,100.0,,,,,,,,,,0.0,0.0,0.0,15000.0,0.0,,,,,
4,core,eventfd,eventfd,88,5000,1000,100000,500043995,9999.120177415589,1773644,12,1,88,1773645,14,1,88,latency-eventfd-eventfd-rt88-core-rep4.csv,stat-eventfd-eventfd-rt88-core-rep4.csv,5904.9594,5731,6312,10229,16641,33162,8648.2184,10159,10429,12483,20799,50865,14553.1778,15669,16611,22332,31268,84027,100.0,7576.5744,3757.286,0.4959082827722249,,,,,,,,,,,,803.0512,0.09188056751549589,,,
4,core,eventfd,busy-spin,88,5000,1000,100000,501594814,9968.205133795502,1773659,12,1,88,1773660,14,1,88,latency-eventfd-busy-spin-rt88-core-rep4.csv,stat-eventfd-busy-spin-rt88-core-rep4.csv,6409.8026,6271,6843,8867,15940,22041,422.9206,401,481,781,2004,5100,6832.7232,6663,7304,9729,17754,27141,100.0,439134.9792,818695.4704,1.864336728291309,,,,,,,,,,,,225738.801,0.0002474532501836049,,,
4,core,busy-spin,eventfd,88,5000,1000,100000,500115920,9997.682137373271,1773689,12,1,88,1773690,14,1,88,latency-busy-spin-eventfd-rt88-core-rep4.csv,stat-busy-spin-eventfd-rt88-core-rep4.csv,271.837,241,341,511,1532,4729,7517.2794,6282,10369,12193,19196,55124,7789.1164,6522,10680,12544,19486,59853,100.0,439001.9238,822961.7038,1.8746198118596946,,,,,,,,,,,,226932.3714,0.00016888731988106304,,,
4,l2,busy-spin,eventfd,88,5000,1000,100000,499880128,10002.398014909686,1773704,12,1,88,1773705,14,1,88,latency-busy-spin-eventfd-rt88-l2-rep4.csv,stat-busy-spin-eventfd-rt88-l2-rep4.csv,305.5978,271,401,801,1573,2535,8864.6438,10329,10430,12393,16732,49853,9170.2416,10600,10790,13175,16932,51426,100.0,437279.4362,819757.8354,1.874677305943709,,,,,,,,,,,,,,297.2094,37.0378,0.1246185349453954
4,dtlb,eventfd,busy-spin,88,5000,1000,100000,499970908,10000.581873855748,1773730,12,1,88,1773731,14,1,88,latency-eventfd-busy-spin-rt88-dtlb-rep4.csv,stat-eventfd-busy-spin-rt88-dtlb-rep4.csv,6138.2702,5891,6372,9277,14737,51266,428.4204,421,461,701,1783,3426,6566.6906,6322,6802,9798,16752,54692,100.0,438714.5764,820836.336,1.8710031080699694,58.146,1.0052,0.01728751762803976,,,,,,,,,,,,,
4,faults,busy-spin,busy-spin,88,5000,1000,100000,500201030,9995.981015872758,1773769,12,1,88,1773770,14,1,88,latency-busy-spin-busy-spin-rt88-faults-rep4.csv,stat-busy-spin-busy-spin-rt88-faults-rep4.csv,411.1202,401,461,832,2014,6572,376.2456,371,410,531,1743,2665,787.3658,771,842,1543,2976,7013,100.0,,,,,,,,,,0.0,0.0,0.0,0.0,0.0,,,,,
5,dtlb,busy-spin,busy-spin,88,5000,1000,100000,499907900,10001.84233935891,1773782,12,1,88,1773783,14,1,88,latency-busy-spin-busy-spin-rt88-dtlb-rep5.csv,stat-busy-spin-busy-spin-rt88-dtlb-rep5.csv,335.6736,320,401,792,1603,2124,366.8846,361,391,501,1493,2455,702.5582,681,771,1222,2374,4298,100.0,866655.6082,1633400.025,1.8847163850846007,14.9962,0.2698,0.017991224443525692,,,,,,,,,,,,,
5,l2,busy-spin,eventfd,88,5000,1000,100000,505294973,9895.210257712182,1773815,12,1,88,1773816,14,1,88,latency-busy-spin-eventfd-rt88-l2-rep5.csv,stat-busy-spin-eventfd-rt88-l2-rep5.csv,336.0798,330,430,561,1694,2464,8799.7254,10309,10400,11712,16992,54833,9135.8052,10620,10780,12203,17773,57297,100.0,441615.9036,824412.344,1.8668085485135142,,,,,,,,,,,,,,300.0872,36.6896,0.12226312885054744
5,l1d,busy-spin,eventfd,88,5000,1000,100000,499909353,10001.813268734742,1773841,12,1,88,1773842,14,1,88,latency-busy-spin-eventfd-rt88-l1d-rep5.csv,stat-busy-spin-eventfd-rt88-l1d-rep5.csv,307.6844,300,401,562,1523,2435,8750.2814,10379,10510,12764,22122,26580,9057.9658,10660,10871,13456,22422,28854,100.0,436661.6472,818088.047,1.87350561297475,,,,254470.3016,73.6974,0.00028961100582905897,,,,,,,,,,
5,core,busy-spin,eventfd,88,5000,1000,100000,500132481,9997.351081862647,1773863,12,1,88,1773864,14,1,88,latency-busy-spin-eventfd-rt88-core-rep5.csv,stat-busy-spin-eventfd-rt88-core-rep5.csv,334.5536,311,431,791,1573,2655,8841.0634,10309,10400,12604,18204,28193,9175.617,10620,10780,13215,18574,30848,100.0,436955.1114,819345.473,1.8751250451672825,,,,,,,,,,,,225934.329,0.00017004941289820548,,,
5,dtlb,eventfd,eventfd,88,5000,1000,100000,500012616,9999.747686366378,1773886,12,1,88,1773887,14,1,88,latency-eventfd-eventfd-rt88-dtlb-rep5.csv,stat-eventfd-eventfd-rt88-dtlb-rep5.csv,5938.8686,5801,6372,9478,15419,19847,8383.0184,10219,10400,12413,17383,47129,14321.887,15599,16621,21260,29575,57217,100.0,7830.9348,3757.288,0.4798007001667285,84.9866,9.2814,0.10921015783664718,,,,,,,,,,,,,
5,l2,busy-spin,busy-spin,88,5000,1000,100000,500241526,9995.171812265742,1773905,12,1,88,1773906,14,1,88,latency-busy-spin-busy-spin-rt88-l2-rep5.csv,stat-busy-spin-busy-spin-rt88-l2-rep5.csv,346.5174,331,400,772,1533,3416,381.9994,371,421,642,1603,4338,728.5168,702,791,1502,2565,7754,100.0,864493.333,1610386.3302,1.862809426894678,,,,,,,,,,,,,,95.278,41.433,0.43486429186170994
5,faults,busy-spin,eventfd,88,5000,1000,100000,499861112,10002.778531809452,1773935,12,1,88,1773936,14,1,88,latency-busy-spin-eventfd-rt88-faults-rep5.csv,stat-busy-spin-eventfd-rt88-faults-rep5.csv,357.261,331,441,791,1713,3997,7372.8752,7524,7654,10119,14968,22212,7730.1362,7875,8055,10750,16020,23785,100.0,,,,,,,,,,0.0,0.0,0.0,5000.0,0.0,,,,,
5,faults,eventfd,eventfd,88,5000,1000,100000,500087427,9998.251765685764,1773954,12,1,88,1773955,14,1,88,latency-eventfd-eventfd-rt88-faults-rep5.csv,stat-eventfd-eventfd-rt88-faults-rep5.csv,5445.181,4619,7764,9458,14858,20118,7643.3528,7554,8125,10429,15699,24005,13088.5338,12103,15749,19436,25878,42800,100.0,,,,,,,,,,0.0,0.0,0.0,15001.0,0.0,,,,,
5,core,eventfd,eventfd,88,5000,1000,100000,500039256,9999.214941636503,1773982,12,1,88,1773983,14,1,88,latency-eventfd-eventfd-rt88-core-rep5.csv,stat-eventfd-eventfd-rt88-core-rep5.csv,5932.284,5761,6322,9238,16672,30778,8623.379,10159,10489,12794,18865,51376,14555.663,15730,16601,20729,31950,82154,100.0,7580.7938,3757.2446,0.4956268036204863,,,,,,,,,,,,803.0468,0.0958499554446889,,,
5,l1d,eventfd,busy-spin,88,5000,1000,100000,503001091,9940.33629243162,1774015,12,1,88,1774016,14,1,88,latency-eventfd-busy-spin-rt88-l1d-rep5.csv,stat-eventfd-busy-spin-rt88-l1d-rep5.csv,6229.627,5981,6402,10700,15429,37651,413.7076,400,450,801,3257,4168,6643.3346,6392,6812,11341,16762,41348,100.0,440765.674,825165.087,1.872117398597605,,,,255738.86,136.7146,0.0005345867264755931,,,,,,,,,,
5,faults,eventfd,busy-spin,88,5000,1000,100000,499953425,10000.931586777308,1774027,12,1,88,1774028,14,1,88,latency-eventfd-busy-spin-rt88-faults-rep5.csv,stat-eventfd-busy-spin-rt88-faults-rep5.csv,6521.2888,7464,7995,13235,19176,33473,563.0126,561,701,991,2094,3536,7084.3014,8035,8636,13966,20097,34244,100.0,,,,,,,,,,0.0,0.0,0.0,9894.0,0.0,,,,,
5,l1d,eventfd,eventfd,88,5000,1000,100000,499994602,10000.10796116555,1774062,12,1,88,1774063,14,1,88,latency-eventfd-eventfd-rt88-l1d-rep5.csv,stat-eventfd-eventfd-rt88-l1d-rep5.csv,5862.1234,5731,6301,9297,14157,18024,8399.855,9988,10380,15058,19547,35687,14261.9784,15449,16501,22001,27902,52408,100.0,7498.552,3757.4988,0.5010965850473531,,,,1791.5392,188.3622,0.10513987078820268,,,,,,,,,,
5,l2,eventfd,busy-spin,88,5000,1000,100000,499916877,10001.662736423279,1774074,12,1,88,1774075,14,1,88,latency-eventfd-busy-spin-rt88-l2-rep5.csv,stat-eventfd-busy-spin-rt88-l2-rep5.csv,6197.7946,5901,6432,10600,16111,28483,414.9206,401,451,711,1573,5190,6612.7152,6321,6843,11231,16602,32361,100.0,437993.0206,818936.5462,1.8697479358875428,,,,,,,,,,,,,,638.4284,43.9894,0.0689026365368458
5,dtlb,eventfd,busy-spin,88,5000,1000,100000,499988752,10000.224965060814,1774092,12,1,88,1774093,14,1,88,latency-eventfd-busy-spin-rt88-dtlb-rep5.csv,stat-eventfd-busy-spin-rt88-dtlb-rep5.csv,6169.9996,6071,6372,9458,15118,29605,425.469,411,470,802,1723,4759,6595.4686,6503,6783,10099,16100,33423,100.0,438695.4004,817842.8566,1.864261298053947,63.0898,1.7682,0.028026717472554995,,,,,,,,,,,,,
5,l2,eventfd,eventfd,88,5000,1000,100000,500277053,9994.462008634244,1774120,12,1,88,1774121,14,1,88,latency-eventfd-eventfd-rt88-l2-rep5.csv,stat-eventfd-eventfd-rt88-l2-rep5.csv,5757.64,5701,6272,9418,12333,35697,8388.4714,10180,10430,12604,20358,32230,14146.1114,15509,16501,20519,31349,67927,100.0,7558.7048,3757.2018,0.4970695243978836,,,,,,,,,,,,,,877.514,47.4354,0.054056573456377904
5,faults,busy-spin,busy-spin,88,5000,1000,100000,500078800,9998.424248338462,1774138,12,1,88,1774139,14,1,88,latency-busy-spin-busy-spin-rt88-faults-rep5.csv,stat-busy-spin-busy-spin-rt88-faults-rep5.csv,402.8278,391,451,871,1944,2565,373.9538,371,401,551,2244,3016,776.7816,761,831,1272,3957,4980,100.0,,,,,,,,,,0.0,0.0,0.0,0.0,0.0,,,,,
5,core,busy-spin,busy-spin,88,5000,1000,100000,500208614,9995.829460066036,1774165,12,1,88,1774166,14,1,88,latency-busy-spin-busy-spin-rt88-core-rep5.csv,stat-busy-spin-busy-spin-rt88-core-rep5.csv,363.2424,341,431,802,1643,3056,374.2938,371,401,581,1693,2565,737.5362,712,821,1253,2765,5280,100.0,865711.8794,1630631.381,1.8835728373395357,,,,,,,,,,,,449861.3768,3.442482684368115e-05,,,
5,dtlb,busy-spin,eventfd,88,5000,1000,100000,499894766,10002.105123061041,1774184,12,1,88,1774185,14,1,88,latency-busy-spin-eventfd-rt88-dtlb-rep5.csv,stat-busy-spin-eventfd-rt88-dtlb-rep5.csv,334.663,291,431,752,3006,6983,8930.5054,10320,10420,13235,16731,30076,9265.1684,10620,10800,13796,17873,33713,100.0,437470.2672,819370.633,1.872974449770789,54.1766,0.773,0.014268152671079396,,,,,,,,,,,,,
5,l1d,busy-spin,busy-spin,88,5000,1000,100000,506341466,9874.759101795546,1774199,12,1,88,1774200,14,1,88,latency-busy-spin-busy-spin-rt88-l1d-rep5.csv,stat-busy-spin-busy-spin-rt88-l1d-rep5.csv,327.1558,311,381,771,1683,3707,378.7536,371,411,661,1663,8966,705.9094,681,771,1302,3306,12673,100.0,872892.9566,1629116.5664,1.8663417479567734,,,,507848.0582,48.3514,9.520839790423757e-05,,,,,,,,,,
5,core,eventfd,busy-spin,88,5000,1000,100000,499971149,10000.57705329713,1774226,12,1,88,1774227,14,1,88,latency-eventfd-busy-spin-rt88-core-rep5.csv,stat-eventfd-busy-spin-rt88-core-rep5.csv,6146.0484,5942,6392,9769,15188,28082,453.228,441,511,811,2054,3928,6599.2764,6402,6832,10450,15609,32010,100.0,437365.1946,796725.5928,1.8216483676271025,,,,,,,,,,,,219675.0312,0.00024407325542239412,,,
