repetition,group,work_sources,samples,warmup,caller_cpu,loop_cpu,requested_rt_priority,observed_loop_cpu,observed_policy,observed_priority,scheduler_error,measurement_seconds,rate_per_second,p50_us,p99_us,p99_9_us,max_us,cycles_per_scan,instructions_per_scan,ipc,branches_per_scan,branch_miss_rate,l1d_loads_per_scan,l1d_misses_per_scan,l1d_miss_rate,l2_requests_per_scan,l2_misses_per_scan,l2_miss_rate,l1_dtlb_misses_per_scan,l2_dtlb_misses_per_scan,l2_dtlb_miss_rate,page_faults,minor_faults,major_faults,context_switches,cpu_migrations,minimum_counter_coverage_percent,raw_perf_stat
1,faults,64,1000000,1000000,12,14,0,14,0,0,0,0.15084735862910748,6633568.1,0.150,0.170,0.330,6.993,,,,,,,,,,,,,,,0,0,0,1,0,100.0,stat-faults-sources64-rt0-rep1.csv
1,l2,16,1000000,1000000,12,14,88,14,1,88,0,0.06152321957051754,16278429.4,0.060,0.091,0.141,12.673,269.444276,530.176584,1.9676669026734122,,,,,,0.134507,0.005009,0.03723969756220866,,,,,,,,,100.0,stat-l2-sources16-rt88-rep1.csv
1,core,4,1000000,1000000,12,14,88,14,1,88,0,0.0455337930470705,22025992.7,0.040,0.100,0.101,16.010,197.073881,362.000712,1.8368781807265468,102.000168,1.294115515574445e-06,,,,,,,,,,,,,,,100.0,stat-core-sources4-rt88-rep1.csv
1,faults,64,1000000,1000000,12,14,88,14,1,88,0,0.1511023174971342,6622195.1,0.150,0.190,0.331,7.484,,,,,,,,,,,,,,,0,0,0,1,0,100.0,stat-faults-sources64-rt88-rep1.csv
1,l2,16,1000000,1000000,12,14,0,14,0,0,0,0.06576168350875378,15235414.7,0.061,0.090,0.141,10.871,284.202627,530.000806,1.8648694827159356,,,,,,0.133985,0.009844,0.0734709109228645,,,,,,,,,100.0,stat-l2-sources16-rt0-rep1.csv
1,faults,1,1000000,1000000,12,14,88,14,1,88,0,0.042761990800499916,23416846.7,0.040,0.060,0.071,6.472,,,,,,,,,,,,,,,0,0,0,1,0,100.0,stat-faults-sources1-rt88-rep1.csv
1,core,0,1000000,1000000,12,14,0,14,0,0,0,0.06839715875685215,14647822.5,0.070,0.090,0.170,12.203,297.458591,306.000709,1.0287169987973217,82.000196,2.097555961939408e-06,,,,,,,,,,,,,,,100.0,stat-core-sources0-rt0-rep1.csv
1,l1d,0,1000000,1000000,12,14,0,14,0,0,0,0.041491249576210976,24174145.3,0.040,0.090,0.091,20.849,178.587388,306.000605,1.7134502521533044,,,107.01529,0.129055,0.0012059491685720797,,,,,,,,,,,,100.0,stat-l1d-sources0-rt0-rep1.csv
1,faults,0,1000000,1000000,12,14,88,14,1,88,0,0.04095766879618168,24461572.1,0.040,0.050,0.060,39.674,,,,,,,,,,,,,,,0,0,0,1,0,100.0,stat-faults-sources0-rt88-rep1.csv
1,l1d,16,1000000,1000000,12,14,0,14,0,0,0,0.06256494857370853,16015485.1,0.060,0.130,0.141,8.025,268.67074,530.00063,1.9726771512223475,,,188.05682,0.130851,0.0006958056612889657,,,,,,,,,,,,100.0,stat-l1d-sources16-rt0-rep1.csv
1,l2,64,1000000,1000000,12,14,88,14,1,88,0,0.15255076438188553,6561129.3,0.150,0.210,0.341,16.030,658.622128,1202.002541,1.825026050445727,,,,,,0.151442,0.018208,0.12023084745315038,,,,,,,,,100.0,stat-l2-sources64-rt88-rep1.csv
1,l2,0,1000000,1000000,12,14,88,14,1,88,0,0.04123332351446152,24289028.6,0.040,0.060,0.070,6.422,180.262358,306.000868,1.697530595932846,,,,,,0.133267,0.005481,0.041127961160677434,,,,,,,,,100.0,stat-l2-sources0-rt88-rep1.csv
1,faults,1,1000000,1000000,12,14,0,14,0,0,0,0.04208941571414471,23802745.7,0.040,0.051,0.070,7.724,,,,,,,,,,,,,,,0,0,0,1,0,100.0,stat-faults-sources1-rt0-rep1.csv
1,l2,1,1000000,1000000,12,14,0,14,0,0,0,0.04346049949526787,23070712.3,0.040,0.100,0.101,15.308,183.738817,320.000607,1.74160589593869,,,,,,0.131402,0.003962,0.03015174807080562,,,,,,,,,100.0,stat-l2-sources1-rt0-rep1.csv
1,dtlb,4,1000000,1000000,12,14,88,14,1,88,0,0.04642035998404026,21599734.2,0.050,0.100,0.101,12.824,199.811822,362.000758,1.8117084083243082,,,,,,,,,0.00208,0.001978,0.9509615384615384,,,,,,100.0,stat-dtlb-sources4-rt88-rep1.csv
1,l2,4,1000000,1000000,12,14,0,14,0,0,0,0.0460693072527647,21755222.2,0.050,0.070,0.100,6.663,200.328116,362.000966,1.8070402359297384,,,,,,0.134709,0.011537,0.08564386937769562,,,,,,,,,100.0,stat-l2-sources4-rt0-rep1.csv
1,l2,64,1000000,1000000,12,14,0,14,0,0,0,0.16135959886014462,6201905.3,0.150,0.231,0.311,6.742,691.576423,1202.001185,1.7380598080336813,,,,,,0.142764,0.006717,0.04704967638900563,,,,,,,,,100.0,stat-l2-sources64-rt0-rep1.csv
1,dtlb,64,1000000,1000000,12,14,88,14,1,88,0,0.1515095978975296,6604744.6,0.150,0.161,0.331,10.640,655.089355,1202.001451,1.834866406888874,,,,,,,,,0.002372,0.001994,0.8406408094435076,,,,,,100.0,stat-dtlb-sources64-rt88-rep1.csv
1,l2,1,1000000,1000000,12,14,88,14,1,88,0,0.04311700910329819,23260815.0,0.040,0.090,0.101,11.441,184.888505,320.000515,1.730775609873637,,,,,,0.131872,0.004161,0.03155332443581655,,,,,,,,,100.0,stat-l2-sources1-rt88-rep1.csv
1,dtlb,16,1000000,1000000,12,14,88,14,1,88,0,0.06264415569603443,15987101.1,0.060,0.100,0.130,8.796,270.617858,530.000943,1.95848473163216,,,,,,,,,0.00215,0.001998,0.9293023255813954,,,,,,100.0,stat-dtlb-sources16-rt88-rep1.csv
1,l1d,4,1000000,1000000,12,14,0,14,0,0,0,0.04619092307984829,21707090.8,0.050,0.100,0.101,7.734,198.6744,362.000551,1.8220794979121617,,,128.034092,0.129626,0.0010124334696730618,,,,,,,,,,,,100.0,stat-l1d-sources4-rt0-rep1.csv
1,l1d,16,1000000,1000000,12,14,88,14,1,88,0,0.06216813623905182,16114677.5,0.060,0.071,0.141,7.524,268.849278,530.001019,1.9713685784940065,,,188.10542,0.131012,0.0006964817919653777,,,,,,,,,,,,100.0,stat-l1d-sources16-rt88-rep1.csv
1,l2,0,1000000,1000000,12,14,0,14,0,0,0,0.04162747226655483,24093088.0,0.040,0.090,0.100,6.702,178.976293,306.280517,1.7112909864548373,,,,,,0.131636,0.003764,0.02859400164088851,,,,,,,,,100.0,stat-l2-sources0-rt0-rep1.csv
1,core,1,1000000,1000000,12,14,88,14,1,88,0,0.04308166913688183,23277626.2,0.040,0.090,0.101,13.766,184.652144,320.000499,1.7329909746404029,87.000115,1.1149410549629733e-06,,,,,,,,,,,,,,,100.0,stat-core-sources1-rt88-rep1.csv
1,dtlb,0,1000000,1000000,12,14,88,14,1,88,0,0.04246337339282036,23610598.9,0.040,0.090,0.100,13.535,182.263314,306.000774,1.6788939435173444,,,,,,,,,0.002064,0.001975,0.9568798449612403,,,,,,100.0,stat-dtlb-sources0-rt88-rep1.csv
1,l1d,4,1000000,1000000,12,14,88,14,1,88,0,0.045881856232881546,21849396.7,0.041,0.100,0.101,6.983,197.641058,362.000868,1.8316076207201846,,,128.048965,0.129723,0.001013073397352333,,,,,,,,,,,,100.0,stat-l1d-sources4-rt88-rep1.csv
1,l1d,1,1000000,1000000,12,14,0,14,0,0,0,0.04726879671216011,23016862.0,0.040,0.070,0.081,7.104,189.481731,320.000588,1.6888202694327297,,,113.206416,0.129416,0.0011431860893820719,,,,,,,,,,,,100.0,stat-l1d-sources1-rt0-rep1.csv
1,l1d,64,1000000,1000000,12,14,0,14,0,0,0,0.15152090787887573,6605390.6,0.150,0.161,0.331,7.143,654.421528,1202.001241,1.836738538650275,,,428.186062,0.136132,0.00031792720987727996,,,,,,,,,,,,100.0,stat-l1d-sources64-rt0-rep1.csv
1,core,0,1000000,1000000,12,14,88,14,1,88,0,0.042143337428569794,23796889.4,0.040,0.090,0.091,40.867,180.210294,306.000591,1.6980194871664767,82.000133,1.2073151149645086e-06,,,,,,,,,,,,,,,100.0,stat-core-sources0-rt88-rep1.csv
1,dtlb,16,1000000,1000000,12,14,0,14,0,0,0,0.06277902983129025,15953195.6,0.060,0.130,0.141,6.523,269.550354,530.000788,1.9662403708065619,,,,,,,,,0.002094,0.001972,0.941738299904489,,,,,,100.0,stat-dtlb-sources16-rt0-rep1.csv
1,dtlb,1,1000000,1000000,12,14,88,14,1,88,0,0.04283666983246803,23395764.2,0.040,0.060,0.071,6.061,186.820457,320.000697,1.7128782475893418,,,,,,,,,0.002098,0.001998,0.9523355576739753,,,,,,100.0,stat-dtlb-sources1-rt88-rep1.csv
1,faults,16,1000000,1000000,12,14,88,14,1,88,0,0.06186234764754772,16178342.0,0.060,0.071,0.140,11.531,,,,,,,,,,,,,,,0,0,0,1,0,100.0,stat-faults-sources16-rt88-rep1.csv
1,faults,4,1000000,1000000,12,14,0,14,0,0,0,0.045571379363536835,21967646.0,0.050,0.051,0.100,183.915,,,,,,,,,,,,,,,0,0,0,2,0,100.0,stat-faults-sources4-rt0-rep1.csv
1,faults,16,1000000,1000000,12,14,0,14,0,0,0,0.06241140700876713,16039205.7,0.060,0.100,0.141,7.043,,,,,,,,,,,,,,,0,0,0,1,0,100.0,stat-faults-sources16-rt0-rep1.csv
1,core,16,1000000,1000000,12,14,0,14,0,0,0,0.062266262248158455,16076367.6,0.060,0.090,0.140,12.233,269.986404,530.001059,1.9630657364509363,162.00028,1.8271573357774443e-06,,,,,,,,,,,,,,,100.0,stat-core-sources16-rt0-rep1.csv
1,l1d,0,1000000,1000000,12,14,88,14,1,88,0,0.04157772473990917,24122959.7,0.040,0.090,0.091,33.252,179.049212,306.000474,1.709029995619305,,,107.01697,0.129335,0.0012085466445181544,,,,,,,,,,,,100.0,stat-l1d-sources0-rt88-rep1.csv
1,faults,4,1000000,1000000,12,14,88,14,1,88,0,0.045847637578845024,21835707.4,0.050,0.051,0.101,14.327,,,,,,,,,,,,,,,0,0,0,1,0,100.0,stat-faults-sources4-rt88-rep1.csv
1,l2,4,1000000,1000000,12,14,88,14,1,88,0,0.04589058831334114,21847216.2,0.050,0.070,0.101,31.659,198.108503,362.000556,1.827284293799343,,,,,,0.132253,0.004926,0.03724679213325974,,,,,,,,,100.0,stat-l2-sources4-rt88-rep1.csv
1,core,16,1000000,1000000,12,14,88,14,1,88,0,0.06655037961900234,15049060.9,0.061,0.140,0.151,12.734,284.753067,530.001074,1.861265550477811,162.000277,2.76542737022604e-06,,,,,,,,,,,,,,,100.0,stat-core-sources16-rt88-rep1.csv
1,core,64,1000000,1000000,12,14,0,14,0,0,0,0.15347518399357796,6520368.6,0.150,0.171,0.211,10.439,665.812624,1202.001321,1.8053147051774734,402.000408,0.0006180939000440019,,,,,,,,,,,,,,,100.0,stat-core-sources64-rt0-rep1.csv
1,l1d,1,1000000,1000000,12,14,88,14,1,88,0,0.0425791684538126,23550822.0,0.040,0.061,0.100,11.942,184.338875,320.000549,1.7359363237949672,,,113.022473,0.128934,0.0011407819752802613,,,,,,,,,,,,100.0,stat-l1d-sources1-rt88-rep1.csv
1,dtlb,1,1000000,1000000,12,14,0,14,0,0,0,0.04347262717783451,23054747.1,0.040,0.080,0.091,10.159,185.696041,320.000504,1.7232489302235583,,,,,,,,,0.002112,0.001987,0.9408143939393939,,,,,,100.0,stat-dtlb-sources1-rt0-rep1.csv
1,core,64,1000000,1000000,12,14,88,14,1,88,0,0.15630420856177807,6402884.5,0.151,0.191,0.341,18.054,674.492372,1202.001629,1.7820833546802513,402.000525,0.0002221738392008319,,,,,,,,,,,,,,,100.0,stat-core-sources64-rt88-rep1.csv
1,l1d,64,1000000,1000000,12,14,88,14,1,88,0,0.1536898985505104,6509943.9,0.150,0.210,0.321,6.963,663.386169,1202.076454,1.8120312273197243,,,428.209187,0.142736,0.0003333324093301156,,,,,,,,,,,,100.0,stat-l1d-sources64-rt88-rep1.csv
1,faults,0,1000000,1000000,12,14,0,14,0,0,0,0.04193011112511158,23899997.2,0.040,0.090,0.091,7.534,,,,,,,,,,,,,,,0,0,0,1,0,100.0,stat-faults-sources0-rt0-rep1.csv
1,core,4,1000000,1000000,12,14,0,14,0,0,0,0.04650098644196987,21549258.5,0.050,0.100,0.101,11.041,199.410949,362.000552,1.8153494269765498,102.000134,1.0588221384101318e-06,,,,,,,,,,,,,,,100.0,stat-core-sources4-rt0-rep1.csv
1,core,1,1000000,1000000,12,14,0,14,0,0,0,0.04340698942542076,23088589.7,0.040,0.090,0.101,7.194,186.123645,320.000471,1.71928972807297,87.000109,1.2413777550554563e-06,,,,,,,,,,,,,,,100.0,stat-core-sources1-rt0-rep1.csv
1,dtlb,64,1000000,1000000,12,14,0,14,0,0,0,0.1547124069184065,6466913.2,0.150,0.171,0.331,23.093,667.652639,1202.001324,1.8003393588024146,,,,,,,,,0.002294,0.001979,0.8626852659110723,,,,,,100.0,stat-dtlb-sources64-rt0-rep1.csv
1,dtlb,4,1000000,1000000,12,14,0,14,0,0,0,0.0461777001619339,21709215.1,0.050,0.100,0.110,14.938,197.813402,362.000619,1.8300105823972432,,,,,,,,,0.002049,0.001971,0.9619326500732065,,,,,,100.0,stat-dtlb-sources4-rt0-rep1.csv
1,dtlb,0,1000000,1000000,12,14,0,14,0,0,0,0.04171675629913807,24044856.5,0.040,0.090,0.100,13.636,179.192085,306.000545,1.7076677521777817,,,,,,,,,0.00206,0.00197,0.9563106796116505,,,,,,100.0,stat-dtlb-sources0-rt0-rep1.csv
2,dtlb,4,1000000,1000000,12,14,88,14,1,88,0,0.045576028525829315,21999883.6,0.041,0.051,0.101,6.282,196.978355,362.00072,1.837769027972642,,,,,,,,,0.002047,0.001969,0.961895456765999,,,,,,100.0,stat-dtlb-sources4-rt88-rep2.csv
2,l1d,0,1000000,1000000,12,14,0,14,0,0,0,0.04202347993850708,23830786.0,0.040,0.080,0.081,189.385,179.797237,306.000535,1.7019201190505502,,,107.015076,0.128874,0.0012042602296521287,,,,,,,,,,,,100.0,stat-l1d-sources0-rt0-rep2.csv
2,dtlb,0,1000000,1000000,12,14,0,14,0,0,0,0.04194224625825882,23912726.0,0.040,0.060,0.091,6.502,181.641284,306.000748,1.684643167353959,,,,,,,,,0.002084,0.001971,0.9457773512476008,,,,,,100.0,stat-dtlb-sources0-rt0-rep2.csv
2,dtlb,0,1000000,1000000,12,14,88,14,1,88,0,0.04217245616018772,23758111.8,0.040,0.090,0.091,11.672,181.824823,306.000539,1.6829414925375727,,,,,,,,,0.002049,0.001975,0.9638848218643241,,,,,,100.0,stat-dtlb-sources0-rt88-rep2.csv
2,core,4,1000000,1000000,12,14,0,14,0,0,0,0.0478457435965538,20933518.1,0.050,0.081,0.111,8.796,206.677399,362.000957,1.7515265759658607,102.000251,2.3078374581646864e-05,,,,,,,,,,,,,,,100.0,stat-core-sources4-rt0-rep2.csv
2,dtlb,16,1000000,1000000,12,14,88,14,1,88,0,0.06241463124752045,16041778.4,0.060,0.130,0.141,11.151,267.857314,530.000856,1.978668598162677,,,,,,,,,0.002073,0.001969,0.949831162566329,,,,,,100.0,stat-dtlb-sources16-rt88-rep2.csv
2,core,16,1000000,1000000,12,14,88,14,1,88,0,0.06304568611085415,15885000.0,0.060,0.071,0.141,36.940,269.183106,530.000818,1.9689230348653455,162.000213,9.567888654566152e-07,,,,,,,,,,,,,,,100.0,stat-core-sources16-rt88-rep2.csv
2,l1d,1,1000000,1000000,12,14,0,14,0,0,0,0.04248136468231678,23593977.7,0.040,0.090,0.100,13.686,182.86127,320.000476,1.749963105910836,,,113.014672,0.128846,0.0011400820594338406,,,,,,,,,,,,100.0,stat-l1d-sources1-rt0-rep2.csv
2,dtlb,4,1000000,1000000,12,14,0,14,0,0,0,0.04628247953951359,21658077.0,0.050,0.100,0.101,13.936,198.087389,362.000649,1.8274795322785542,,,,,,,,,0.002101,0.00197,0.9376487386958591,,,,,,100.0,stat-dtlb-sources4-rt0-rep2.csv
2,l2,0,1000000,1000000,12,14,88,14,1,88,0,0.041864948347210884,23955316.4,0.040,0.061,0.091,4.699,181.400811,306.000667,1.6868759588952444,,,,,,0.131733,0.004162,0.03159420949951797,,,,,,,,,100.0,stat-l2-sources0-rt88-rep2.csv
2,faults,4,1000000,1000000,12,14,0,14,0,0,0,0.046348199248313904,21620831.1,0.050,0.070,0.091,8.546,,,,,,,,,,,,,,,0,0,0,1,0,100.0,stat-faults-sources4-rt0-rep2.csv
2,l2,64,1000000,1000000,12,14,0,14,0,0,0,0.1526720281690359,6555901.0,0.150,0.161,0.361,13.064,656.647737,1202.001303,1.8305116050373291,,,,,,0.139199,0.00648,0.04655205856363911,,,,,,,,,100.0,stat-l2-sources64-rt0-rep2.csv
2,core,4,1000000,1000000,12,14,88,14,1,88,0,0.045615656301379204,21973575.1,0.050,0.070,0.080,19.867,199.029159,362.00067,1.8188323350147906,102.000165,3.637249018175608e-06,,,,,,,,,,,,,,,100.0,stat-core-sources4-rt88-rep2.csv
2,faults,1,1000000,1000000,12,14,88,14,1,88,0,0.042818937450647354,23404102.3,0.040,0.081,0.100,10.400,,,,,,,,,,,,,,,0,0,0,1,0,100.0,stat-faults-sources1-rt88-rep2.csv
2,dtlb,64,1000000,1000000,12,14,0,14,0,0,0,0.15272998251020908,6553465.2,0.150,0.171,0.331,21.040,659.998568,1202.001109,1.8212177530057914,,,,,,,,,0.00227,0.001973,0.8691629955947137,,,,,,100.0,stat-dtlb-sources64-rt0-rep2.csv
2,core,64,1000000,1000000,12,14,0,14,0,0,0,0.15306752361357212,6538884.7,0.150,0.191,0.331,14.407,658.770523,1202.001835,1.824613872409103,402.000556,0.00012259435780481856,,,,,,,,,,,,,,,100.0,stat-core-sources64-rt0-rep2.csv
2,l1d,64,1000000,1000000,12,14,88,14,1,88,0,0.1514760535210371,6607207.4,0.150,0.161,0.331,13.615,654.322187,1202.001065,1.8370171283829628,,,428.063084,0.135628,0.0003168411504506191,,,,,,,,,,,,100.0,stat-l1d-sources64-rt88-rep2.csv
2,faults,64,1000000,1000000,12,14,0,14,0,0,0,0.15341770462691784,6522224.2,0.150,0.180,0.330,17.062,,,,,,,,,,,,,,,0,0,0,1,0,100.0,stat-faults-sources64-rt0-rep2.csv
2,l2,64,1000000,1000000,12,14,88,14,1,88,0,0.15194019116461277,6586280.9,0.150,0.170,0.331,29.025,656.261835,1202.00129,1.831587981952356,,,,,,0.14065,0.008582,0.06101670814077497,,,,,,,,,100.0,stat-l2-sources64-rt88-rep2.csv
2,faults,0,1000000,1000000,12,14,88,14,1,88,0,0.04263192042708397,23508505.2,0.040,0.080,0.090,9.698,,,,,,,,,,,,,,,0,0,0,1,0,100.0,stat-faults-sources0-rt88-rep2.csv
2,faults,16,1000000,1000000,12,14,0,14,0,0,0,0.062188705429434776,16106026.4,0.060,0.071,0.140,7.294,,,,,,,,,,,,,,,0,0,0,1,0,100.0,stat-faults-sources16-rt0-rep2.csv
2,l2,0,1000000,1000000,12,14,0,14,0,0,0,0.041657764464616776,24077790.5,0.040,0.090,0.091,6.733,178.94218,306.000728,1.7100536497319971,,,,,,0.131745,0.010237,0.07770313863903754,,,,,,,,,100.0,stat-l2-sources0-rt0-rep2.csv
2,l1d,16,1000000,1000000,12,14,88,14,1,88,0,0.06278333067893982,15959916.9,0.060,0.100,0.140,12.684,270.348202,530.001018,1.960438479261645,,,188.1161,0.132255,0.0007030498718610475,,,,,,,,,,,,100.0,stat-l1d-sources16-rt88-rep2.csv
2,l1d,1,1000000,1000000,12,14,88,14,1,88,0,0.04250754788517952,23570883.2,0.040,0.090,0.101,5.801,182.899428,320.000575,1.7495985553328248,,,113.028984,0.128982,0.0011411409307191507,,,,,,,,,,,,100.0,stat-l1d-sources1-rt88-rep2.csv
2,l2,1,1000000,1000000,12,14,88,14,1,88,0,0.04267366603016853,23500529.3,0.040,0.090,0.100,11.451,184.056646,320.000636,1.7385986485921296,,,,,,0.131381,0.004075,0.031016661465508712,,,,,,,,,100.0,stat-l2-sources1-rt88-rep2.csv
2,l2,1,1000000,1000000,12,14,0,14,0,0,0,0.04301966354250908,23298768.2,0.040,0.080,0.090,7.965,184.746724,320.000583,1.7321042347684605,,,,,,0.131845,0.007472,0.05667260798665099,,,,,,,,,100.0,stat-l2-sources1-rt0-rep2.csv
2,core,16,1000000,1000000,12,14,0,14,0,0,0,0.06179939955472946,16210218.5,0.060,0.071,0.100,9.137,268.484917,530.000786,1.9740430558339335,162.000204,1.3271588225901246e-06,,,,,,,,,,,,,,,100.0,stat-core-sources16-rt0-rep2.csv
2,l2,16,1000000,1000000,12,14,88,14,1,88,0,0.0630953386425972,15881512.0,0.060,0.130,0.190,12.032,269.557538,530.000865,1.9661882540268638,,,,,,0.133988,0.01232,0.09194853270442128,,,,,,,,,100.0,stat-l2-sources16-rt88-rep2.csv
2,faults,1,1000000,1000000,12,14,0,14,0,0,0,0.04336661472916603,23108357.4,0.040,0.090,0.101,13.886,,,,,,,,,,,,,,,0,0,0,1,0,100.0,stat-faults-sources1-rt0-rep2.csv
2,core,0,1000000,1000000,12,14,88,14,1,88,0,0.04118838720023632,24351570.0,0.040,0.051,0.091,6.171,179.005864,306.000543,1.7094442392121858,82.000126,1.085364185903812e-06,,,,,,,,,,,,,,,100.0,stat-core-sources0-rt88-rep2.csv
2,l1d,64,1000000,1000000,12,14,0,14,0,0,0,0.15237748622894287,6568663.6,0.150,0.180,0.331,7.414,657.368389,1202.001557,1.8285052599327225,,,428.390361,0.138216,0.00032264031262832266,,,,,,,,,,,,100.0,stat-l1d-sources64-rt0-rep2.csv
2,core,1,1000000,1000000,12,14,88,14,1,88,0,0.04219095595180988,23756901.7,0.040,0.060,0.100,4.549,182.905632,320.0007,1.7495398938836395,87.000165,1.3908019599732943e-06,,,,,,,,,,,,,,,100.0,stat-core-sources1-rt88-rep2.csv
2,l1d,4,1000000,1000000,12,14,0,14,0,0,0,0.04563646763563156,21975176.3,0.041,0.051,0.101,6.612,197.455576,362.000624,1.8333269251408733,,,128.032033,0.12932,0.0010100597246628115,,,,,,,,,,,,100.0,stat-l1d-sources4-rt0-rep2.csv
2,faults,0,1000000,1000000,12,14,0,14,0,0,0,0.04146905243396759,24166495.2,0.040,0.051,0.090,6.142,,,,,,,,,,,,,,,0,0,0,1,0,100.0,stat-faults-sources0-rt0-rep2.csv
2,faults,16,1000000,1000000,12,14,88,14,1,88,0,0.06243023835122585,16041036.1,0.060,0.071,0.140,6.291,,,,,,,,,,,,,,,0,0,0,1,0,100.0,stat-faults-sources16-rt88-rep2.csv
2,faults,4,1000000,1000000,12,14,88,14,1,88,0,0.04605912230908871,21750448.2,0.050,0.090,0.100,15.079,,,,,,,,,,,,,,,0,0,0,1,0,100.0,stat-faults-sources4-rt88-rep2.csv
2,l1d,0,1000000,1000000,12,14,88,14,1,88,0,0.04162219539284706,24081264.8,0.040,0.070,0.081,9.768,179.830311,306.000669,1.7016078507476973,,,107.052597,0.129209,0.0012069674498415017,,,,,,,,,,,,100.0,stat-l1d-sources0-rt88-rep2.csv
2,l1d,16,1000000,1000000,12,14,0,14,0,0,0,0.06293857842683792,15921325.2,0.060,0.130,0.141,11.311,269.921912,530.000765,1.9635336793257452,,,188.076183,0.130942,0.0006962178725203074,,,,,,,,,,,,100.0,stat-l1d-sources16-rt0-rep2.csv
2,faults,64,1000000,1000000,12,14,88,14,1,88,0,0.15607804246246815,6409868.9,0.150,0.221,0.340,12.364,,,,,,,,,,,,,,,0,0,0,1,0,100.0,stat-faults-sources64-rt88-rep2.csv
2,l2,4,1000000,1000000,12,14,88,14,1,88,0,0.045855166390538216,21866959.9,0.050,0.070,0.101,6.001,198.155158,362.000544,1.8268540049812885,,,,,,0.132525,0.004236,0.03196378041878891,,,,,,,,,100.0,stat-l2-sources4-rt88-rep2.csv
2,core,1,1000000,1000000,12,14,0,14,0,0,0,0.04284422844648361,23409465.5,0.040,0.090,0.101,11.662,183.731167,320.000661,1.7416787049526552,87.00015,1.2643656361512021e-06,,,,,,,,,,,,,,,100.0,stat-core-sources1-rt0-rep2.csv
2,l2,4,1000000,1000000,12,14,0,14,0,0,0,0.04606020078063011,21750747.2,0.050,0.100,0.101,6.362,197.464861,362.000604,1.8332406189473882,,,,,,0.132133,0.003895,0.029477874565778422,,,,,,,,,100.0,stat-l2-sources4-rt0-rep2.csv
2,dtlb,1,1000000,1000000,12,14,0,14,0,0,0,0.042832616716623306,23414836.1,0.040,0.090,0.101,11.912,183.196861,320.000546,1.746757800615372,,,,,,,,,0.002056,0.001969,0.9576848249027238,,,,,,100.0,stat-dtlb-sources1-rt0-rep2.csv
2,core,0,1000000,1000000,12,14,0,14,0,0,0,0.042283955961465836,23718546.8,0.040,0.090,0.091,12.314,180.91826,306.000719,1.6913755361122753,82.000156,1.3536559613374394e-06,,,,,,,,,,,,,,,100.0,stat-core-sources0-rt0-rep2.csv
2,l2,16,1000000,1000000,12,14,0,14,0,0,0,0.06252221949398518,16022470.4,0.060,0.100,0.141,12.153,269.090378,530.000718,1.9696011501384862,,,,,,0.133477,0.004303,0.03223776380949527,,,,,,,,,100.0,stat-l2-sources16-rt0-rep2.csv
2,l1d,4,1000000,1000000,12,14,88,14,1,88,0,0.04717174172401428,21236359.2,0.050,0.100,0.110,20.358,200.710558,362.000672,1.8035955637171812,,,128.184167,0.130976,0.0010217798583502125,,,,,,,,,,,,100.0,stat-l1d-sources4-rt88-rep2.csv
2,dtlb,64,1000000,1000000,12,14,88,14,1,88,0,0.15456856414675713,6475234.3,0.150,0.210,0.341,36.809,664.109717,1202.00212,1.8099450877331464,,,,,,,,,0.007884,0.007224,0.9162861491628614,,,,,,100.0,stat-dtlb-sources64-rt88-rep2.csv
2,dtlb,16,1000000,1000000,12,14,0,14,0,0,0,0.06308245845139027,15886534.6,0.060,0.130,0.141,7.664,269.704352,530.000738,1.9651174853863687,,,,,,,,,0.002109,0.001971,0.9345661450924608,,,,,,100.0,stat-dtlb-sources16-rt0-rep2.csv
2,core,64,1000000,1000000,12,14,88,14,1,88,0,0.1545239370316267,6475473.7,0.150,0.210,0.231,25.177,661.835584,1202.075035,1.8162744102317714,402.015264,1.8501785046649373e-05,,,,,,,,,,,,,,,100.0,stat-core-sources64-rt88-rep2.csv
2,dtlb,1,1000000,1000000,12,14,88,14,1,88,0,0.04515875689685345,22211578.4,0.040,0.090,0.120,11.372,192.628671,320.250674,1.6625285962752658,,,,,,,,,0.002434,0.002025,0.8319638455217748,,,,,,100.0,stat-dtlb-sources1-rt88-rep2.csv
3,core,4,1000000,1000000,12,14,0,14,0,0,0,0.04539939574897289,22060937.2,0.050,0.051,0.070,8.125,197.439739,362.000615,1.8334739340391855,102.000155,1.2058805204756798e-06,,,,,,,,,,,,,,,100.0,stat-core-sources4-rt0-rep3.csv
3,dtlb,0,1000000,1000000,12,14,0,14,0,0,0,0.041739899665117264,24025386.8,0.040,0.090,0.091,6.562,179.045763,306.00075,1.7090644585652663,,,,,,,,,0.00205,0.00197,0.9609756097560975,,,,,,100.0,stat-dtlb-sources0-rt0-rep3.csv
3,dtlb,16,1000000,1000000,12,14,88,14,1,88,0,0.06326089985668659,15826499.0,0.060,0.111,0.130,13.135,270.724868,530.000936,1.9577105713096146,,,,,,,,,0.00217,0.001991,0.9175115207373272,,,,,,100.0,stat-dtlb-sources16-rt88-rep3.csv
3,faults,4,1000000,1000000,12,14,88,14,1,88,0,0.045672185719013214,21933540.8,0.041,0.070,0.101,36.668,,,,,,,,,,,,,,,0,0,0,1,0,100.0,stat-faults-sources4-rt88-rep3.csv
3,l2,0,1000000,1000000,12,14,0,14,0,0,0,0.04213796369731426,23789510.0,0.040,0.061,0.100,8.847,180.4989,306.000469,1.695303788554944,,,,,,0.131298,0.003812,0.02903319167085561,,,,,,,,,100.0,stat-l2-sources0-rt0-rep3.csv
3,dtlb,64,1000000,1000000,12,14,88,14,1,88,0,0.15175645239651203,6593629.2,0.150,0.161,0.331,13.045,654.07852,1202.001004,1.8377013879006454,,,,,,,,,0.002189,0.001971,0.9004111466423024,,,,,,100.0,stat-dtlb-sources64-rt88-rep3.csv
3,l2,16,1000000,1000000,12,14,0,14,0,0,0,0.06281564012169838,15953315.2,0.060,0.130,0.141,11.872,269.342123,530.180292,1.9684269437499013,,,,,,0.135293,0.003985,0.029454591146622515,,,,,,,,,100.0,stat-l2-sources16-rt0-rep3.csv
3,l1d,1,1000000,1000000,12,14,0,14,0,0,0,0.04275144450366497,23460179.4,0.040,0.090,0.101,12.023,183.785626,320.000723,1.7411629514486622,,,113.019136,0.128877,0.0011403113186071428,,,,,,,,,,,,100.0,stat-l1d-sources1-rt0-rep3.csv
3,core,1,1000000,1000000,12,14,0,14,0,0,0,0.042640164494514465,23520543.7,0.040,0.090,0.100,7.404,183.18337,320.000531,1.7468863631016287,87.00012,1.195400650022092e-06,,,,,,,,,,,,,,,100.0,stat-core-sources1-rt0-rep3.csv
3,l1d,16,1000000,1000000,12,14,0,14,0,0,0,0.06281642988324165,15948833.8,0.060,0.130,0.141,9.228,269.576088,530.000681,1.9660522746364655,,,188.091576,0.130957,0.0006962406439722745,,,,,,,,,,,,100.0,stat-l1d-sources16-rt0-rep3.csv
3,faults,0,1000000,1000000,12,14,88,14,1,88,0,0.04195849597454071,23873096.2,0.040,0.080,0.100,9.618,,,,,,,,,,,,,,,0,0,0,1,0,100.0,stat-faults-sources0-rt88-rep3.csv
3,faults,4,1000000,1000000,12,14,0,14,0,0,0,0.04593855142593384,21810552.4,0.050,0.100,0.101,6.763,,,,,,,,,,,,,,,0,0,0,1,0,100.0,stat-faults-sources4-rt0-rep3.csv
3,l1d,64,1000000,1000000,12,14,0,14,0,0,0,0.1525292471051216,6560427.2,0.150,0.190,0.351,13.365,658.578701,1202.001509,1.8251448265406325,,,428.39107,0.138917,0.0003242761339539594,,,,,,,,,,,,100.0,stat-l1d-sources64-rt0-rep3.csv
3,l2,16,1000000,1000000,12,14,88,14,1,88,0,0.06285922788083553,15940212.2,0.060,0.130,0.141,7.474,269.154057,530.182787,1.9698116123882168,,,,,,0.134176,0.004751,0.035408716909134275,,,,,,,,,100.0,stat-l2-sources16-rt88-rep3.csv
3,dtlb,64,1000000,1000000,12,14,0,14,0,0,0,0.15266812406480312,6556016.0,0.150,0.171,0.331,6.072,658.142095,1202.001383,1.8263554210128436,,,,,,,,,0.002312,0.001983,0.8576989619377162,,,,,,100.0,stat-dtlb-sources64-rt0-rep3.csv
3,faults,1,1000000,1000000,12,14,88,14,1,88,0,0.0440974123775959,22722741.6,0.040,0.090,0.101,13.996,,,,,,,,,,,,,,,0,0,0,1,0,100.0,stat-faults-sources1-rt88-rep3.csv
3,l1d,0,1000000,1000000,12,14,0,14,0,0,0,0.04154789261519909,24129951.8,0.040,0.090,0.091,8.095,179.157313,306.000647,1.707999756616131,,,107.018133,0.128752,0.001203085835930253,,,,,,,,,,,,100.0,stat-l1d-sources0-rt0-rep3.csv
3,l1d,4,1000000,1000000,12,14,88,14,1,88,0,0.04857691563665867,20631198.3,0.050,0.091,0.101,20.949,207.259988,362.001051,1.746603647395753,,,128.156291,2.131664,0.016633315332136134,,,,,,,,,,,,100.0,stat-l1d-sources4-rt88-rep3.csv
3,core,0,1000000,1000000,12,14,0,14,0,0,0,0.041549213230609894,24145315.6,0.040,0.090,0.091,8.035,178.419724,306.000816,1.7150615926297477,82.00019,1.2682897442066903e-06,,,,,,,,,,,,,,,100.0,stat-core-sources0-rt0-rep3.csv
3,core,1,1000000,1000000,12,14,88,14,1,88,0,0.04322548769414425,23198879.6,0.040,0.090,0.101,13.525,185.001369,320.000451,1.729719367644247,87.000103,1.1724124050749688e-06,,,,,,,,,,,,,,,100.0,stat-core-sources1-rt88-rep3.csv
3,dtlb,1,1000000,1000000,12,14,88,14,1,88,0,0.042717764154076576,23472394.3,0.040,0.090,0.100,38.352,183.83416,320.000677,1.7407030173282267,,,,,,,,,0.002086,0.00197,0.9443911792905082,,,,,,100.0,stat-dtlb-sources1-rt88-rep3.csv
3,l2,64,1000000,1000000,12,14,0,14,0,0,0,0.15363542549312115,6514693.1,0.150,0.200,0.341,23.774,660.948233,1202.00216,1.8186025773065346,,,,,,2.149429,0.011454,0.005328857105770882,,,,,,,,,100.0,stat-l2-sources64-rt0-rep3.csv
3,l2,1,1000000,1000000,12,14,0,14,0,0,0,0.042737727984786034,23465032.5,0.040,0.061,0.100,11.451,184.819066,320.000465,1.731425614930875,,,,,,0.13159,0.003894,0.02959191427920055,,,,,,,,,100.0,stat-l2-sources1-rt0-rep3.csv
3,core,64,1000000,1000000,12,14,88,14,1,88,0,0.15436667390167713,6480666.1,0.150,0.211,0.310,10.680,662.762739,1202.001829,1.8136231237344802,402.000588,0.00031087267961906563,,,,,,,,,,,,,,,100.0,stat-core-sources64-rt88-rep3.csv
3,core,64,1000000,1000000,12,14,0,14,0,0,0,0.15463702753186226,6472434.8,0.150,0.171,0.331,21.019,667.825885,1202.001421,1.7998724637635153,402.000464,0.0007040887395592658,,,,,,,,,,,,,,,100.0,stat-core-sources64-rt0-rep3.csv
3,faults,64,1000000,1000000,12,14,0,14,0,0,0,0.15463842824101448,6470402.8,0.150,0.210,0.300,8.235,,,,,,,,,,,,,,,0,0,0,1,0,100.0,stat-faults-sources64-rt0-rep3.csv
3,dtlb,4,1000000,1000000,12,14,88,14,1,88,0,0.04545958340167999,22052714.3,0.041,0.051,0.101,5.610,197.045246,362.000876,1.8371459517475495,,,,,,,,,0.002036,0.001972,0.9685658153241651,,,,,,100.0,stat-dtlb-sources4-rt88-rep3.csv
3,l1d,0,1000000,1000000,12,14,88,14,1,88,0,0.04234233498573303,23677344.5,0.040,0.090,0.091,6.351,181.735877,306.000729,1.6837662108951663,,,107.054729,0.129501,0.0012096709898728529,,,,,,,,,,,,100.0,stat-l1d-sources0-rt88-rep3.csv
3,l2,4,1000000,1000000,12,14,88,14,1,88,0,0.04586589336395264,21839936.0,0.050,0.100,0.101,6.583,197.577086,362.000482,1.8321987095203944,,,,,,0.131958,0.003915,0.029668530896194242,,,,,,,,,100.0,stat-l2-sources4-rt88-rep3.csv
3,dtlb,1,1000000,1000000,12,14,0,14,0,0,0,0.04602135345339775,21786943.8,0.050,0.060,0.110,6.793,198.849185,320.000551,1.6092625725370713,,,,,,,,,0.002043,0.001973,0.9657366617719041,,,,,,100.0,stat-dtlb-sources1-rt0-rep3.csv
3,l1d,64,1000000,1000000,12,14,88,14,1,88,0,0.15219317190349102,6576330.0,0.150,0.161,0.331,7.443,655.402447,1202.001049,1.8339892603422032,,,428.078505,0.136271,0.0003183317975753069,,,,,,,,,,,,100.0,stat-l1d-sources64-rt88-rep3.csv
3,core,16,1000000,1000000,12,14,0,14,0,0,0,0.06304069422185421,15895169.2,0.060,0.130,0.141,8.095,269.601369,530.000892,1.9658686970539827,162.000239,1.3148128750600177e-06,,,,,,,,,,,,,,,100.0,stat-core-sources16-rt0-rep3.csv
3,faults,16,1000000,1000000,12,14,88,14,1,88,0,0.07106713764369488,14088016.9,0.070,0.110,0.151,12.493,,,,,,,,,,,,,,,0,0,0,1,0,100.0,stat-faults-sources16-rt88-rep3.csv
3,core,4,1000000,1000000,12,14,88,14,1,88,0,0.046051498502492905,21757659.9,0.050,0.090,0.101,10.470,198.403749,362.000803,1.8245663442579405,102.000189,1.3137230559445335e-06,,,,,,,,,,,,,,,100.0,stat-core-sources4-rt88-rep3.csv
3,dtlb,4,1000000,1000000,12,14,0,14,0,0,0,0.046216778457164764,21694606.5,0.050,0.100,0.101,6.111,198.861033,362.000587,1.8203696397373135,,,,,,,,,0.002084,0.001969,0.9448176583493282,,,,,,100.0,stat-dtlb-sources4-rt0-rep3.csv
3,core,16,1000000,1000000,12,14,88,14,1,88,0,0.06312148086726665,15873409.4,0.060,0.130,0.141,5.620,270.267073,530.000731,1.961025903440335,162.000198,9.629617860096689e-07,,,,,,,,,,,,,,,100.0,stat-core-sources16-rt88-rep3.csv
3,faults,64,1000000,1000000,12,14,88,14,1,88,0,0.15264458768069744,6554845.8,0.150,0.190,0.230,35.727,,,,,,,,,,,,,,,0,0,0,1,0,100.0,stat-faults-sources64-rt88-rep3.csv
3,l2,4,1000000,1000000,12,14,0,14,0,0,0,0.046272801235318184,21656272.6,0.050,0.100,0.101,6.703,197.948679,362.000775,1.8287607516693758,,,,,,0.131923,0.003999,0.03031313720882636,,,,,,,,,100.0,stat-l2-sources4-rt0-rep3.csv
3,faults,16,1000000,1000000,12,14,0,14,0,0,0,0.06251243688166142,16021835.1,0.060,0.071,0.140,9.528,,,,,,,,,,,,,,,0,0,0,1,0,100.0,stat-faults-sources16-rt0-rep3.csv
3,dtlb,0,1000000,1000000,12,14,88,14,1,88,0,0.041817883029580116,23976515.1,0.040,0.090,0.091,16.290,179.976495,306.000636,1.7002255544536524,,,,,,,,,0.002036,0.001969,0.9670923379174853,,,,,,100.0,stat-dtlb-sources0-rt88-rep3.csv
3,core,0,1000000,1000000,12,14,88,14,1,88,0,0.04155476205050945,24124177.8,0.040,0.051,0.060,5.540,182.09937,306.273067,1.681900750123408,82.054628,1.3161963271590238e-06,,,,,,,,,,,,,,,100.0,stat-core-sources0-rt88-rep3.csv
3,l1d,4,1000000,1000000,12,14,0,14,0,0,0,0.04587830975651741,21856865.8,0.050,0.051,0.101,6.612,197.819952,362.00048,1.8299492864096945,,,128.031532,0.129417,0.0010108213029896417,,,,,,,,,,,,100.0,stat-l1d-sources4-rt0-rep3.csv
3,faults,0,1000000,1000000,12,14,0,14,0,0,0,0.041634269058704376,24089808.2,0.040,0.090,0.091,13.385,,,,,,,,,,,,,,,0,0,0,1,0,100.0,stat-faults-sources0-rt0-rep3.csv
3,dtlb,16,1000000,1000000,12,14,0,14,0,0,0,0.06292360462248325,15925697.3,0.060,0.100,0.141,27.852,270.505159,530.00088,1.9593004509019365,,,,,,,,,0.00218,0.002006,0.9201834862385321,,,,,,100.0,stat-dtlb-sources16-rt0-rep3.csv
3,faults,1,1000000,1000000,12,14,0,14,0,0,0,0.04273929260671139,23447790.3,0.040,0.060,0.100,6.272,,,,,,,,,,,,,,,0,0,0,1,0,100.0,stat-faults-sources1-rt0-rep3.csv
3,l2,64,1000000,1000000,12,14,88,14,1,88,0,0.15348850563168526,6519603.2,0.150,0.180,0.331,35.026,659.606279,1202.001266,1.8223011276094903,,,,,,0.14209,0.0066,0.04644943345766767,,,,,,,,,100.0,stat-l2-sources64-rt88-rep3.csv
3,l1d,16,1000000,1000000,12,14,88,14,1,88,0,0.06304391101002693,15893210.3,0.060,0.130,0.141,14.838,269.583087,530.000871,1.966001936167457,,,188.097101,0.131735,0.0007003563547744418,,,,,,,,,,,,100.0,stat-l1d-sources16-rt88-rep3.csv
3,l1d,1,1000000,1000000,12,14,88,14,1,88,0,0.042460449039936066,23600471.4,0.040,0.051,0.070,17.783,183.862791,320.263243,1.741860010163775,,,113.027208,0.128861,0.001140088322804541,,,,,,,,,,,,100.0,stat-l1d-sources1-rt88-rep3.csv
3,l2,0,1000000,1000000,12,14,88,14,1,88,0,0.04258868843317032,23515805.2,0.040,0.080,0.110,31.249,182.841089,306.000625,1.6735878498295316,,,,,,0.134161,0.006649,0.04955985718651471,,,,,,,,,100.0,stat-l2-sources0-rt88-rep3.csv
3,l2,1,1000000,1000000,12,14,88,14,1,88,0,0.04287302307784557,23390648.5,0.040,0.090,0.101,30.598,183.712688,320.000634,1.7418537471946411,,,,,,0.131933,0.004247,0.03219058158307626,,,,,,,,,100.0,stat-l2-sources1-rt88-rep3.csv
4,l2,4,1000000,1000000,12,14,88,14,1,88,0,0.0459467526525259,21793917.5,0.050,0.070,0.080,6.001,199.567578,362.001062,1.8139272201820278,,,,,,0.134833,0.016205,0.12018571121313032,,,,,,,,,100.0,stat-l2-sources4-rt88-rep4.csv
4,dtlb,4,1000000,1000000,12,14,0,14,0,0,0,0.04632971249520779,21643034.4,0.050,0.100,0.101,6.252,199.047192,362.000666,1.8186675348828834,,,,,,,,,0.002063,0.001968,0.9539505574406204,,,,,,100.0,stat-dtlb-sources4-rt0-rep4.csv
4,l2,4,1000000,1000000,12,14,0,14,0,0,0,0.04694198817014694,21361773.3,0.050,0.100,0.101,7.625,200.307682,362.001088,1.807225186700528,,,,,,0.135096,0.013839,0.10243826612186889,,,,,,,,,100.0,stat-l2-sources4-rt0-rep4.csv
4,faults,64,1000000,1000000,12,14,88,14,1,88,0,0.15200665965676308,6582664.8,0.150,0.161,0.351,10.259,,,,,,,,,,,,,,,0,0,0,1,0,100.0,stat-faults-sources64-rt88-rep4.csv
4,l2,64,1000000,1000000,12,14,88,14,1,88,0,0.15126112289726734,6616089.3,0.150,0.161,0.181,10.730,654.901176,1202.00137,1.8353935128679628,,,,,,0.13857,0.005541,0.03998701017536263,,,,,,,,,100.0,stat-l2-sources64-rt88-rep4.csv
4,faults,16,1000000,1000000,12,14,0,14,0,0,0,0.06610974110662937,15152259.0,0.070,0.071,0.150,10.520,,,,,,,,,,,,,,,0,0,0,1,0,100.0,stat-faults-sources16-rt0-rep4.csv
4,core,16,1000000,1000000,12,14,0,14,0,0,0,0.07741142436861992,12939339.4,0.070,0.131,0.190,64.661,323.148244,530.014597,1.6401592979103423,162.004129,5.902935967761661e-05,,,,,,,,,,,,,,,100.0,stat-core-sources16-rt0-rep4.csv
4,dtlb,0,1000000,1000000,12,14,0,14,0,0,0,0.04201393760740757,23870172.8,0.040,0.060,0.100,4.799,182.337334,306.000456,1.6782106510343076,,,,,,,,,0.002058,0.001975,0.9596695821185617,,,,,,100.0,stat-dtlb-sources0-rt0-rep4.csv
4,l2,0,1000000,1000000,12,14,0,14,0,0,0,0.04190240800380707,23918760.2,0.040,0.080,0.120,7.714,179.937548,306.000798,1.7005944640303756,,,,,,0.132427,0.004474,0.03378465116630294,,,,,,,,,100.0,stat-l2-sources0-rt0-rep4.csv
4,l1d,4,1000000,1000000,12,14,0,14,0,0,0,0.04576813615858555,21900891.4,0.050,0.070,0.101,6.682,197.343567,362.000741,1.8343680845699926,,,128.038723,0.129564,0.0010119126227149267,,,,,,,,,,,,100.0,stat-l1d-sources4-rt0-rep4.csv
4,l1d,1,1000000,1000000,12,14,0,14,0,0,0,0.042707113549113274,23480157.6,0.040,0.051,0.100,6.362,185.926936,320.000676,1.7211098234846403,,,113.030675,0.629208,0.005566701251673495,,,,,,,,,,,,100.0,stat-l1d-sources1-rt0-rep4.csv
4,faults,4,1000000,1000000,12,14,88,14,1,88,0,0.04622703418135643,21672542.0,0.050,0.100,0.110,6.012,,,,,,,,,,,,,,,0,0,0,1,0,100.0,stat-faults-sources4-rt88-rep4.csv
4,l1d,64,1000000,1000000,12,14,88,14,1,88,0,0.15198350325226784,6585412.7,0.150,0.170,0.331,12.222,656.111815,1202.001375,1.8320069041890368,,,428.105192,0.137225,0.00032054037784246263,,,,,,,,,,,,100.0,stat-l1d-sources64-rt88-rep4.csv
4,l1d,16,1000000,1000000,12,14,88,14,1,88,0,0.06263042241334915,15998270.9,0.060,0.090,0.141,9.978,269.353152,530.000775,1.96767986958623,,,188.068483,0.130897,0.0006960071029019785,,,,,,,,,,,,100.0,stat-l1d-sources16-rt88-rep4.csv
4,l1d,0,1000000,1000000,12,14,88,14,1,88,0,0.04205363616347313,23842757.2,0.040,0.051,0.091,6.091,182.107475,306.000652,1.6803299919456902,,,107.017598,0.129101,0.0012063529962614186,,,,,,,,,,,,100.0,stat-l1d-sources0-rt88-rep4.csv
4,l2,16,1000000,1000000,12,14,88,14,1,88,0,0.06228931061923504,16084844.6,0.060,0.071,0.140,7.094,268.465576,530.00078,1.974185248987006,,,,,,0.133307,0.004774,0.03581207288439467,,,,,,,,,100.0,stat-l2-sources16-rt88-rep4.csv
4,l1d,1,1000000,1000000,12,14,88,14,1,88,0,0.043160127475857735,23234553.3,0.040,0.090,0.100,13.996,185.976159,320.000566,1.7206536994884383,,,113.055111,0.129015,0.0011411691064546388,,,,,,,,,,,,100.0,stat-l1d-sources1-rt88-rep4.csv
4,core,16,1000000,1000000,12,14,88,14,1,88,0,0.0626224223524332,15993256.5,0.060,0.090,0.110,15.709,270.937057,530.001147,1.9561781354995673,162.000312,2.7777724279938423e-06,,,,,,,,,,,,,,,100.0,stat-core-sources16-rt88-rep4.csv
4,faults,16,1000000,1000000,12,14,88,14,1,88,0,0.06261908635497093,15992559.7,0.060,0.090,0.141,11.973,,,,,,,,,,,,,,,0,0,0,1,0,100.0,stat-faults-sources16-rt88-rep4.csv
4,l1d,4,1000000,1000000,12,14,88,14,1,88,0,0.045910537242889404,21829222.0,0.050,0.070,0.080,10.489,198.528007,362.000762,1.8234241479087634,,,128.104281,0.130201,0.0010163672828388927,,,,,,,,,,,,100.0,stat-l1d-sources4-rt88-rep4.csv
4,dtlb,4,1000000,1000000,12,14,88,14,1,88,0,0.046136630699038506,21716512.7,0.050,0.100,0.110,15.029,198.612828,362.000649,1.8226448545408154,,,,,,,,,0.002044,0.001976,0.9667318982387475,,,,,,100.0,stat-dtlb-sources4-rt88-rep4.csv
4,dtlb,1,1000000,1000000,12,14,88,14,1,88,0,0.04310928098857403,23261183.5,0.040,0.051,0.100,5.851,186.796162,320.000554,1.7131002616638344,,,,,,,,,0.002027,0.001976,0.9748396645288604,,,,,,100.0,stat-dtlb-sources1-rt88-rep4.csv
4,core,0,1000000,1000000,12,14,0,14,0,0,0,0.04242791049182415,23621455.4,0.040,0.090,0.091,6.121,181.979763,306.000564,1.6815087510582152,82.000124,1.3292662825729386e-06,,,,,,,,,,,,,,,100.0,stat-core-sources0-rt0-rep4.csv
4,faults,64,1000000,1000000,12,14,0,14,0,0,0,0.15391002595424652,6501171.0,0.150,0.200,0.320,20.168,,,,,,,,,,,,,,,0,0,0,1,0,100.0,stat-faults-sources64-rt0-rep4.csv
4,l2,1,1000000,1000000,12,14,88,14,1,88,0,0.0430617518723011,23292097.1,0.040,0.090,0.110,6.071,184.006656,320.0004,1.7390696997395572,,,,,,0.131035,0.0041,0.03128935017361774,,,,,,,,,100.0,stat-l2-sources1-rt88-rep4.csv
4,dtlb,64,1000000,1000000,12,14,88,14,1,88,0,0.15327035449445248,6530205.4,0.150,0.210,0.340,20.308,657.751327,1202.075392,1.827552971246229,,,,,,,,,0.002523,0.00202,0.8006341656757828,,,,,,100.0,stat-dtlb-sources64-rt88-rep4.csv
4,l2,1,1000000,1000000,12,14,0,14,0,0,0,0.042847707867622375,23384269.7,0.040,0.090,0.101,6.081,183.643092,320.000714,1.7425143005106885,,,,,,0.131075,0.003762,0.02870112530993706,,,,,,,,,100.0,stat-l2-sources1-rt0-rep4.csv
4,core,4,1000000,1000000,12,14,88,14,1,88,0,0.04648482985794544,21555034.0,0.050,0.100,0.101,8.076,199.013012,362.000632,1.8189797157584853,102.000155,1.941173520765728e-06,,,,,,,,,,,,,,,100.0,stat-core-sources4-rt88-rep4.csv
4,dtlb,16,1000000,1000000,12,14,0,14,0,0,0,0.07031147181987762,14240964.9,0.060,0.120,0.121,38.793,299.189875,530.000804,1.7714530078933988,,,,,,,,,0.002198,0.00202,0.9190172884440401,,,,,,100.0,stat-dtlb-sources16-rt0-rep4.csv
4,dtlb,0,1000000,1000000,12,14,88,14,1,88,0,0.0416446328163147,24065118.3,0.040,0.060,0.070,27.120,181.019591,306.0009,1.6904297391766838,,,,,,,,,0.002114,0.001983,0.9380321665089877,,,,,,100.0,stat-dtlb-sources0-rt88-rep4.csv
4,l1d,64,1000000,1000000,12,14,0,14,0,0,0,0.15331668220460415,6526502.1,0.150,0.180,0.331,19.887,657.913876,1202.001481,1.826989101230022,,,428.257056,0.139917,0.0003267126554944608,,,,,,,,,,,,100.0,stat-l1d-sources64-rt0-rep4.csv
4,faults,0,1000000,1000000,12,14,0,14,0,0,0,0.04225684888660908,23709577.2,0.040,0.090,0.091,7.264,,,,,,,,,,,,,,,0,0,0,1,0,100.0,stat-faults-sources0-rt0-rep4.csv
4,dtlb,16,1000000,1000000,12,14,88,14,1,88,0,0.06260901875793934,15987490.4,0.060,0.090,0.110,14.437,270.42483,530.178616,1.9605397033992773,,,,,,,,,0.002245,0.001986,0.8846325167037862,,,,,,100.0,stat-dtlb-sources16-rt88-rep4.csv
4,dtlb,1,1000000,1000000,12,14,0,14,0,0,0,0.0421657282859087,23772320.1,0.040,0.051,0.061,9.328,183.945016,320.00049,1.7396529515102492,,,,,,,,,0.002076,0.001971,0.9494219653179191,,,,,,100.0,stat-dtlb-sources1-rt0-rep4.csv
4,l1d,16,1000000,1000000,12,14,0,14,0,0,0,0.06258261948823929,16010367.8,0.060,0.071,0.141,6.763,269.47064,530.000896,1.966822418947014,,,188.047967,0.130895,0.0006960724015697548,,,,,,,,,,,,100.0,stat-l1d-sources16-rt0-rep4.csv
4,core,64,1000000,1000000,12,14,0,14,0,0,0,0.1526379305869341,6557323.7,0.150,0.161,0.340,12.353,655.780873,1202.001313,1.8329313380263836,402.000436,6.741286220893552e-07,,,,,,,,,,,,,,,100.0,stat-core-sources64-rt0-rep4.csv
4,l2,64,1000000,1000000,12,14,0,14,0,0,0,0.15387457981705666,6504413.3,0.150,0.171,0.340,6.933,662.324537,1202.001271,1.8148221964483855,,,,,,0.139959,0.007383,0.05275116284054616,,,,,,,,,100.0,stat-l2-sources64-rt0-rep4.csv
4,l1d,0,1000000,1000000,12,14,0,14,0,0,0,0.04160541668534279,24109272.7,0.040,0.090,0.100,11.291,179.439112,306.000668,1.7053175564087721,,,107.03207,0.129418,0.0012091516122223927,,,,,,,,,,,,100.0,stat-l1d-sources0-rt0-rep4.csv
4,faults,4,1000000,1000000,12,14,0,14,0,0,0,0.04567144066095352,21934239.3,0.050,0.051,0.100,6.242,,,,,,,,,,,,,,,0,0,0,1,0,100.0,stat-faults-sources4-rt0-rep4.csv
4,faults,1,1000000,1000000,12,14,88,14,1,88,0,0.04312075674533844,23232736.3,0.040,0.090,0.101,5.180,,,,,,,,,,,,,,,0,0,0,1,0,100.0,stat-faults-sources1-rt88-rep4.csv
4,core,0,1000000,1000000,12,14,88,14,1,88,0,0.0422388706356287,23720333.1,0.040,0.080,0.090,4.419,182.468908,306.000544,1.6770010154277901,82.000125,1.3780466798068906e-06,,,,,,,,,,,,,,,100.0,stat-core-sources0-rt88-rep4.csv
4,core,64,1000000,1000000,12,14,88,14,1,88,0,0.15560521557927132,6429458.6,0.150,0.211,0.231,17.192,669.93554,1202.002147,1.7942056738772212,402.000647,4.258699613485945e-06,,,,,,,,,,,,,,,100.0,stat-core-sources64-rt88-rep4.csv
4,core,1,1000000,1000000,12,14,88,14,1,88,0,0.04256334900856018,23550683.3,0.040,0.090,0.100,12.603,183.01289,320.00057,1.7485138341894935,87.000133,1.091952353682034e-06,,,,,,,,,,,,,,,100.0,stat-core-sources1-rt88-rep4.csv
4,core,1,1000000,1000000,12,14,0,14,0,0,0,0.04311566427350044,23242279.9,0.040,0.090,0.101,13.636,184.841183,320.000625,1.7312193084157008,87.000146,2.2988467168779234e-06,,,,,,,,,,,,,,,100.0,stat-core-sources1-rt0-rep4.csv
4,core,4,1000000,1000000,12,14,0,14,0,0,0,0.04595351405441761,21815724.5,0.041,0.100,0.101,19.306,197.454238,362.000536,1.833338902556247,102.000138,1.4411745207638837e-06,,,,,,,,,,,,,,,100.0,stat-core-sources4-rt0-rep4.csv
4,faults,0,1000000,1000000,12,14,88,14,1,88,0,0.041850512847304344,23941324.2,0.040,0.090,0.091,10.069,,,,,,,,,,,,,,,0,0,0,1,0,100.0,stat-faults-sources0-rt88-rep4.csv
4,faults,1,1000000,1000000,12,14,0,14,0,0,0,0.04262200742959976,23509806.8,0.040,0.060,0.100,11.822,,,,,,,,,,,,,,,0,0,0,1,0,100.0,stat-faults-sources1-rt0-rep4.csv
4,l2,0,1000000,1000000,12,14,88,14,1,88,0,0.04213482514023781,23800810.4,0.040,0.061,0.091,6.432,182.412106,306.000758,1.6775243963248798,,,,,,0.131797,0.004221,0.03202652564170656,,,,,,,,,100.0,stat-l2-sources0-rt88-rep4.csv
4,l2,16,1000000,1000000,12,14,0,14,0,0,0,0.06260294653475285,15996983.6,0.060,0.090,0.141,7.063,269.483134,530.000749,1.966730686010205,,,,,,0.134111,0.004405,0.03284592613581287,,,,,,,,,100.0,stat-l2-sources16-rt0-rep4.csv
4,dtlb,64,1000000,1000000,12,14,0,14,0,0,0,0.15275950729846954,6550879.3,0.150,0.171,0.341,13.335,658.847717,1202.00125,1.8243992033139276,,,,,,,,,0.002312,0.001976,0.8546712802768166,,,,,,100.0,stat-dtlb-sources64-rt0-rep4.csv
5,faults,16,1000000,1000000,12,14,0,14,0,0,0,0.06361188367009163,15739382.5,0.060,0.101,0.141,6.933,,,,,,,,,,,,,,,0,0,0,1,0,100.0,stat-faults-sources16-rt0-rep5.csv
5,faults,0,1000000,1000000,12,14,0,14,0,0,0,0.04426386393606663,22637245.4,0.040,0.090,0.100,8.566,,,,,,,,,,,,,,,0,0,0,1,0,100.0,stat-faults-sources0-rt0-rep5.csv
5,faults,16,1000000,1000000,12,14,88,14,1,88,0,0.06306399963796139,15872672.5,0.060,0.120,0.130,11.592,,,,,,,,,,,,,,,0,0,0,1,0,100.0,stat-faults-sources16-rt88-rep5.csv
5,core,64,1000000,1000000,12,14,0,14,0,0,0,0.15215390920639038,6576923.7,0.150,0.180,0.241,7.584,657.841834,1202.00183,1.8271897101636745,402.00059,6.429095041875435e-05,,,,,,,,,,,,,,,100.0,stat-core-sources64-rt0-rep5.csv
5,l1d,1,1000000,1000000,12,14,0,14,0,0,0,0.04241559840738773,23624496.8,0.040,0.051,0.100,7.755,182.593323,320.000614,1.7525318491520088,,,113.020083,0.128652,0.00113831096726411,,,,,,,,,,,,100.0,stat-l1d-sources1-rt0-rep5.csv
5,l1d,16,1000000,1000000,12,14,0,14,0,0,0,0.06239350885152817,16049878.1,0.060,0.071,0.141,16.842,268.609577,530.000606,1.9731262448620734,,,188.050891,0.130544,0.0006941950623355462,,,,,,,,,,,,100.0,stat-l1d-sources16-rt0-rep5.csv
5,faults,64,1000000,1000000,12,14,0,14,0,0,0,0.1535398606210947,6515093.7,0.150,0.211,0.240,10.109,,,,,,,,,,,,,,,0,0,0,1,0,100.0,stat-faults-sources64-rt0-rep5.csv
5,faults,64,1000000,1000000,12,14,88,14,1,88,0,0.15346677973866463,6519955.9,0.150,0.220,0.340,14.868,,,,,,,,,,,,,,,0,0,0,1,0,100.0,stat-faults-sources64-rt88-rep5.csv
5,faults,4,1000000,1000000,12,14,0,14,0,0,0,0.0458627063781023,21846260.2,0.041,0.100,0.101,6.262,,,,,,,,,,,,,,,0,0,0,1,0,100.0,stat-faults-sources4-rt0-rep5.csv
5,l1d,4,1000000,1000000,12,14,88,14,1,88,0,0.04748934879899025,21103075.0,0.050,0.100,0.110,36.118,201.472181,362.244141,1.7979859015870783,,,128.228341,0.13187,0.001028399798138229,,,,,,,,,,,,100.0,stat-l1d-sources4-rt88-rep5.csv
5,core,0,1000000,1000000,12,14,0,14,0,0,0,0.04184168763458729,23970682.7,0.040,0.090,0.091,6.633,179.102663,306.000519,1.7085202077648616,82.000115,1.1829251702878709e-06,,,,,,,,,,,,,,,100.0,stat-core-sources0-rt0-rep5.csv
5,dtlb,4,1000000,1000000,12,14,88,14,1,88,0,0.04614831320941448,21722992.6,0.041,0.100,0.101,29.746,196.966214,362.00064,1.837881901918468,,,,,,,,,0.002103,0.00197,0.936757013789824,,,,,,100.0,stat-dtlb-sources4-rt88-rep5.csv
5,faults,0,1000000,1000000,12,14,88,14,1,88,0,0.04096213914453983,24459275.7,0.040,0.050,0.061,14.687,,,,,,,,,,,,,,,0,0,0,2,0,100.0,stat-faults-sources0-rt88-rep5.csv
5,l2,4,1000000,1000000,12,14,88,14,1,88,0,0.04601321741938591,21790315.9,0.041,0.100,0.101,6.502,197.483904,362.000876,1.8330652203432236,,,,,,0.131972,0.016389,0.12418543327372474,,,,,,,,,100.0,stat-l2-sources4-rt88-rep5.csv
5,dtlb,16,1000000,1000000,12,14,0,14,0,0,0,0.06367331184446812,15722813.3,0.060,0.090,0.110,9.418,276.26074,530.00106,1.9184812869175691,,,,,,,,,0.002194,0.001998,0.910665451230629,,,,,,100.0,stat-dtlb-sources16-rt0-rep5.csv
5,l2,1,1000000,1000000,12,14,0,14,0,0,0,0.043661847710609436,22942096.3,0.040,0.081,0.091,30.547,185.393536,320.00047,1.7260605569333334,,,,,,0.132265,0.012631,0.09549767512191434,,,,,,,,,100.0,stat-l2-sources1-rt0-rep5.csv
5,l1d,64,1000000,1000000,12,14,88,14,1,88,0,0.15205845795571804,6582530.6,0.150,0.180,0.331,6.612,655.545645,1202.076031,1.83370302307477,,,428.101908,0.137444,0.0003210543971693768,,,,,,,,,,,,100.0,stat-l1d-sources64-rt88-rep5.csv
5,l2,1,1000000,1000000,12,14,88,14,1,88,0,0.043346237391233444,23122441.6,0.040,0.080,0.091,9.237,185.294589,320.000859,1.7269843697378557,,,,,,0.131756,0.010363,0.07865296457087344,,,,,,,,,100.0,stat-l2-sources1-rt88-rep5.csv
5,l1d,0,1000000,1000000,12,14,0,14,0,0,0,0.04184510000050068,23934045.2,0.040,0.090,0.100,5.741,180.636783,306.000735,1.6940112081159018,,,107.017425,0.128909,0.0012045608460491365,,,,,,,,,,,,100.0,stat-l1d-sources0-rt0-rep5.csv
5,core,16,1000000,1000000,12,14,88,14,1,88,0,0.062466828152537346,16039992.2,0.060,0.071,0.141,13.154,268.7798,530.000667,1.9718768560732614,162.000185,1.1358011720789083e-06,,,,,,,,,,,,,,,100.0,stat-core-sources16-rt88-rep5.csv
5,l2,64,1000000,1000000,12,14,0,14,0,0,0,0.15298078022897243,6542264.6,0.150,0.180,0.331,11.201,657.929075,1202.001584,1.8269470520055677,,,,,,0.14281,0.009354,0.06549961487290806,,,,,,,,,100.0,stat-l2-sources64-rt0-rep5.csv
5,dtlb,64,1000000,1000000,12,14,88,14,1,88,0,0.15587289817631245,6419403.4,0.151,0.200,0.230,9.608,667.436672,1202.001769,1.8009225735202037,,,,,,,,,0.002584,0.002025,0.7836687306501547,,,,,,100.0,stat-dtlb-sources64-rt88-rep5.csv
5,l2,16,1000000,1000000,12,14,0,14,0,0,0,0.0629523154348135,15906271.8,0.060,0.130,0.141,6.041,269.053831,530.000812,1.969869040816594,,,,,,0.134122,0.004303,0.032082730648215804,,,,,,,,,100.0,stat-l2-sources16-rt0-rep5.csv
5,dtlb,0,1000000,1000000,12,14,0,14,0,0,0,0.042482294142246246,23610665.8,0.040,0.090,0.100,12.994,181.177736,306.000921,1.6889543260436812,,,,,,,,,0.002118,0.002002,0.9452313503305004,,,,,,100.0,stat-dtlb-sources0-rt0-rep5.csv
5,core,4,1000000,1000000,12,14,88,14,1,88,0,0.0461873784661293,21709347.6,0.050,0.100,0.101,4.729,197.343803,362.000634,1.8343653486803435,102.000155,1.2352922404872816e-06,,,,,,,,,,,,,,,100.0,stat-core-sources4-rt88-rep5.csv
5,l2,4,1000000,1000000,12,14,0,14,0,0,0,0.04627305828034878,21655548.5,0.050,0.100,0.110,6.462,197.938547,362.000901,1.828854998112116,,,,,,0.132467,0.004009,0.030264141257822702,,,,,,,,,100.0,stat-l2-sources4-rt0-rep5.csv
5,l2,0,1000000,1000000,12,14,88,14,1,88,0,0.04494212381541729,22304500.6,0.040,0.090,0.091,15.309,192.818019,306.000577,1.586991602688336,,,,,,0.131724,0.004035,0.030632231028514166,,,,,,,,,100.0,stat-l2-sources0-rt88-rep5.csv
5,core,4,1000000,1000000,12,14,0,14,0,0,0,0.045455263927578926,22049956.7,0.050,0.051,0.070,5.691,198.088472,362.000592,1.8274692532334744,102.000148,1.2549001399488165e-06,,,,,,,,,,,,,,,100.0,stat-core-sources4-rt0-rep5.csv
5,core,64,1000000,1000000,12,14,88,14,1,88,0,0.15301295928657055,6541014.4,0.150,0.171,0.331,9.648,659.345138,1202.001322,1.8230229552401735,402.000415,0.00024527089107607015,,,,,,,,,,,,,,,100.0,stat-core-sources64-rt88-rep5.csv
5,l1d,16,1000000,1000000,12,14,88,14,1,88,0,0.06264311261475086,15994586.7,0.060,0.090,0.141,12.674,268.745428,530.000831,1.972129665402159,,,188.070144,0.131031,0.0006967134560177718,,,,,,,,,,,,100.0,stat-l1d-sources16-rt88-rep5.csv
5,l2,16,1000000,1000000,12,14,88,14,1,88,0,0.06533963605761528,15327769.9,0.060,0.131,0.150,6.893,278.284337,530.104916,1.9049038897219717,,,,,,0.149013,0.01582,0.10616523390576661,,,,,,,,,100.0,stat-l2-sources16-rt88-rep5.csv
5,l1d,0,1000000,1000000,12,14,88,14,1,88,0,0.04129623621702194,24286841.8,0.040,0.051,0.091,6.182,178.850356,306.000559,1.7109306676470915,,,107.01851,0.129054,0.001205903539490505,,,,,,,,,,,,100.0,stat-l1d-sources0-rt88-rep5.csv
5,dtlb,1,1000000,1000000,12,14,0,14,0,0,0,0.0428780410438776,23390813.2,0.040,0.051,0.100,6.082,185.500235,320.000527,1.7250680410189239,,,,,,,,,0.002051,0.001971,0.9609946367625548,,,,,,100.0,stat-dtlb-sources1-rt0-rep5.csv
5,dtlb,64,1000000,1000000,12,14,0,14,0,0,0,0.1572903897613287,6363132.6,0.151,0.171,0.331,221.475,676.538049,1202.001191,1.7766941456976355,,,,,,,,,0.002373,0.001982,0.8352296670880741,,,,,,100.0,stat-dtlb-sources64-rt0-rep5.csv
5,dtlb,1,1000000,1000000,12,14,88,14,1,88,0,0.042785968631505966,23437703.6,0.040,0.090,0.101,14.297,183.551593,320.000528,1.7433819166036875,,,,,,,,,0.002077,0.001969,0.948001925854598,,,,,,100.0,stat-dtlb-sources1-rt88-rep5.csv
5,dtlb,0,1000000,1000000,12,14,88,14,1,88,0,0.04177131876349449,23993010.4,0.040,0.090,0.091,9.918,179.159098,306.000417,1.7079814556780142,,,,,,,,,0.002064,0.00197,0.9544573643410853,,,,,,100.0,stat-dtlb-sources0-rt88-rep5.csv
5,l1d,1,1000000,1000000,12,14,88,14,1,88,0,0.04278980568051338,23434913.4,0.040,0.090,0.100,13.917,184.14166,320.000645,1.7377960261681142,,,113.047064,0.129006,0.0011411707251415216,,,,,,,,,,,,100.0,stat-l1d-sources1-rt88-rep5.csv
5,core,0,1000000,1000000,12,14,88,14,1,88,0,0.04172124154865742,24020408.7,0.040,0.060,0.081,5.009,180.847584,306.000619,1.6920359798668916,82.000147,1.2317051090164509e-06,,,,,,,,,,,,,,,100.0,stat-core-sources0-rt88-rep5.csv
5,l2,0,1000000,1000000,12,14,0,14,0,0,0,0.04170340672135353,24032901.0,0.040,0.090,0.091,5.279,178.511815,306.000552,1.7141753446403534,,,,,,0.131419,0.003898,0.029660855736232963,,,,,,,,,100.0,stat-l2-sources0-rt0-rep5.csv
5,faults,4,1000000,1000000,12,14,88,14,1,88,0,0.04582301713526249,21864406.8,0.041,0.100,0.101,5.901,,,,,,,,,,,,,,,0,0,0,1,0,100.0,stat-faults-sources4-rt88-rep5.csv
5,l1d,64,1000000,1000000,12,14,0,14,0,0,0,0.15192154422402382,6586873.3,0.150,0.161,0.340,11.391,654.816192,1202.00125,1.835631532459112,,,428.084966,0.137418,0.00032100636769383765,,,,,,,,,,,,100.0,stat-l1d-sources64-rt0-rep5.csv
5,dtlb,16,1000000,1000000,12,14,88,14,1,88,0,0.06483152508735657,15438914.5,0.060,0.101,0.130,8.576,278.057524,530.001959,1.906087457644196,,,,,,,,,0.002589,0.002039,0.787562765546543,,,,,,100.0,stat-dtlb-sources16-rt88-rep5.csv
5,dtlb,4,1000000,1000000,12,14,0,14,0,0,0,0.04538034833967686,22075721.4,0.050,0.051,0.070,7.123,198.035459,362.000514,1.827958062803288,,,,,,,,,0.002073,0.001974,0.9522431259044862,,,,,,100.0,stat-dtlb-sources4-rt0-rep5.csv
5,core,1,1000000,1000000,12,14,0,14,0,0,0,0.04314672015607357,23233201.6,0.040,0.070,0.100,10.590,186.275406,320.000587,1.7178896230670408,87.000136,1.2183888999897655e-06,,,,,,,,,,,,,,,100.0,stat-core-sources1-rt0-rep5.csv
5,faults,1,1000000,1000000,12,14,88,14,1,88,0,0.04336830414831638,23091522.6,0.040,0.090,0.101,31.950,,,,,,,,,,,,,,,0,0,0,1,0,100.0,stat-faults-sources1-rt88-rep5.csv
5,faults,1,1000000,1000000,12,14,0,14,0,0,0,0.04244341142475605,23610246.6,0.040,0.051,0.100,6.202,,,,,,,,,,,,,,,0,0,0,1,0,100.0,stat-faults-sources1-rt0-rep5.csv
5,core,16,1000000,1000000,12,14,0,14,0,0,0,0.06229035183787346,16075823.9,0.060,0.071,0.140,7.173,268.414221,530.000832,1.9745631584848107,162.000206,8.765420952612863e-07,,,,,,,,,,,,,,,100.0,stat-core-sources16-rt0-rep5.csv
5,l2,64,1000000,1000000,12,14,88,14,1,88,0,0.15226680226624012,6572970.2,0.150,0.161,0.331,8.646,656.126054,1202.001506,1.8319673463233637,,,,,,0.138978,0.005774,0.04154614399401344,,,,,,,,,100.0,stat-l2-sources64-rt88-rep5.csv
5,l1d,4,1000000,1000000,12,14,0,14,0,0,0,0.04581446014344692,21887166.2,0.050,0.070,0.101,6.732,197.289471,362.000735,1.8348710306998592,,,128.05459,0.129543,0.0010116232459921977,,,,,,,,,,,,100.0,stat-l1d-sources4-rt0-rep5.csv
5,core,1,1000000,1000000,12,14,88,14,1,88,0,0.04264279454946518,23519434.5,0.040,0.090,0.100,35.386,183.348359,320.000574,1.74531463354957,87.000132,1.2643658977436953e-06,,,,,,,,,,,,,,,100.0,stat-core-sources1-rt88-rep5.csv
